-- phpMyAdmin SQL Dump
-- version 5.2.1
-- https://www.phpmyadmin.net/
--
-- Hôte : 127.0.0.1:3306
-- Généré le : mer. 06 mars 2024 à 18:08
-- Version du serveur : 5.7.19-log
-- Version de PHP : 8.2.2

SET SQL_MODE = "NO_AUTO_VALUE_ON_ZERO";
START TRANSACTION;
SET time_zone = "+00:00";


/*!40101 SET @OLD_CHARACTER_SET_CLIENT=@@CHARACTER_SET_CLIENT */;
/*!40101 SET @OLD_CHARACTER_SET_RESULTS=@@CHARACTER_SET_RESULTS */;
/*!40101 SET @OLD_COLLATION_CONNECTION=@@COLLATION_CONNECTION */;
/*!40101 SET NAMES utf8mb4 */;

--
-- Base de données : `greta2023_fixtures`
--

-- --------------------------------------------------------

--
-- Structure de la table `category`
--

DROP TABLE IF EXISTS `category`;
CREATE TABLE IF NOT EXISTS `category` (
  `id` int(11) NOT NULL AUTO_INCREMENT,
  `parent_id` int(11) DEFAULT NULL,
  `name` varchar(100) COLLATE utf8mb4_unicode_ci NOT NULL,
  `slug` varchar(120) COLLATE utf8mb4_unicode_ci NOT NULL,
  PRIMARY KEY (`id`),
  KEY `IDX_64C19C1727ACA70` (`parent_id`)
) ENGINE=InnoDB AUTO_INCREMENT=24 DEFAULT CHARSET=utf8mb4 COLLATE=utf8mb4_unicode_ci;

--
-- Déchargement des données de la table `category`
--

INSERT INTO `category` (`id`, `parent_id`, `name`, `slug`) VALUES
(1, NULL, 'Longboard', 'longboard'),
(2, NULL, 'Shortboard', 'shortboard'),
(3, NULL, 'Bodyboard', 'bodyboard'),
(4, 1, 'Quae', 'quae'),
(5, 2, 'Consequatur', 'consequatur'),
(6, 2, 'Sint', 'sint'),
(7, 3, 'Reprehenderit', 'reprehenderit'),
(8, 3, 'Ut', 'ut'),
(9, 3, 'Asperiores', 'asperiores'),
(10, 3, 'Quidem', 'quidem'),
(11, 1, 'Illum', 'illum'),
(12, 2, 'Qui', 'qui'),
(13, 1, 'Enim', 'enim'),
(14, 3, 'Et', 'et'),
(15, 3, 'Qui', 'qui-1'),
(16, 2, 'Et', 'et-1'),
(17, 1, 'Dolores', 'dolores'),
(18, 1, 'Rerum', 'rerum'),
(19, 2, 'Dolores', 'dolores-1'),
(20, 1, 'At', 'at'),
(21, 3, 'Ea', 'ea'),
(22, 3, 'Voluptates', 'voluptates'),
(23, 2, 'Repellendus', 'repellendus');

-- --------------------------------------------------------

--
-- Structure de la table `comment`
--

DROP TABLE IF EXISTS `comment`;
CREATE TABLE IF NOT EXISTS `comment` (
  `id` int(11) NOT NULL AUTO_INCREMENT,
  `user_id` int(11) NOT NULL,
  `post_id` int(11) NOT NULL,
  `content` longtext COLLATE utf8mb4_unicode_ci NOT NULL,
  `created_at` datetime NOT NULL COMMENT '(DC2Type:datetime_immutable)',
  `updated_at` datetime DEFAULT NULL COMMENT '(DC2Type:datetime_immutable)',
  PRIMARY KEY (`id`),
  KEY `IDX_9474526CA76ED395` (`user_id`),
  KEY `IDX_9474526C4B89032C` (`post_id`)
) ENGINE=InnoDB DEFAULT CHARSET=utf8mb4 COLLATE=utf8mb4_unicode_ci;

-- --------------------------------------------------------

--
-- Structure de la table `doctrine_migration_versions`
--

DROP TABLE IF EXISTS `doctrine_migration_versions`;
CREATE TABLE IF NOT EXISTS `doctrine_migration_versions` (
  `version` varchar(191) COLLATE utf8_unicode_ci NOT NULL,
  `executed_at` datetime DEFAULT NULL,
  `execution_time` int(11) DEFAULT NULL,
  PRIMARY KEY (`version`)
) ENGINE=InnoDB DEFAULT CHARSET=utf8 COLLATE=utf8_unicode_ci;

--
-- Déchargement des données de la table `doctrine_migration_versions`
--

INSERT INTO `doctrine_migration_versions` (`version`, `executed_at`, `execution_time`) VALUES
('DoctrineMigrations\\Version20230912144409', '2023-09-12 14:50:43', 1156),
('DoctrineMigrations\\Version20230913075407', '2023-09-13 07:57:32', 1507),
('DoctrineMigrations\\Version20230913092518', '2023-09-13 09:27:58', 1746),
('DoctrineMigrations\\Version20230913124231', '2023-09-13 12:43:30', 1499),
('DoctrineMigrations\\Version20230913132111', '2023-09-13 13:22:29', 2812),
('DoctrineMigrations\\Version20230918132152', '2023-09-18 13:22:47', 3286),
('DoctrineMigrations\\Version20230920131636', '2023-09-20 13:18:50', 6309),
('DoctrineMigrations\\Version20230920132004', '2023-09-20 13:20:55', 1961),
('DoctrineMigrations\\Version20230925132845', '2023-09-25 13:29:41', 2091);

-- --------------------------------------------------------

--
-- Structure de la table `messenger_messages`
--

DROP TABLE IF EXISTS `messenger_messages`;
CREATE TABLE IF NOT EXISTS `messenger_messages` (
  `id` bigint(20) NOT NULL AUTO_INCREMENT,
  `body` longtext COLLATE utf8mb4_unicode_ci NOT NULL,
  `headers` longtext COLLATE utf8mb4_unicode_ci NOT NULL,
  `queue_name` varchar(190) COLLATE utf8mb4_unicode_ci NOT NULL,
  `created_at` datetime NOT NULL COMMENT '(DC2Type:datetime_immutable)',
  `available_at` datetime NOT NULL COMMENT '(DC2Type:datetime_immutable)',
  `delivered_at` datetime DEFAULT NULL COMMENT '(DC2Type:datetime_immutable)',
  PRIMARY KEY (`id`),
  KEY `IDX_75EA56E0FB7336F0` (`queue_name`),
  KEY `IDX_75EA56E0E3BD61CE` (`available_at`),
  KEY `IDX_75EA56E016BA31DB` (`delivered_at`)
) ENGINE=InnoDB DEFAULT CHARSET=utf8mb4 COLLATE=utf8mb4_unicode_ci;

-- --------------------------------------------------------

--
-- Structure de la table `post`
--

DROP TABLE IF EXISTS `post`;
CREATE TABLE IF NOT EXISTS `post` (
  `id` int(11) NOT NULL AUTO_INCREMENT,
  `user_id` int(11) NOT NULL,
  `category_id` int(11) NOT NULL,
  `title` varchar(255) COLLATE utf8mb4_unicode_ci NOT NULL,
  `slug` varchar(255) COLLATE utf8mb4_unicode_ci NOT NULL,
  `content` longtext COLLATE utf8mb4_unicode_ci NOT NULL,
  `image` varchar(255) COLLATE utf8mb4_unicode_ci NOT NULL,
  `created_at` datetime NOT NULL COMMENT '(DC2Type:datetime_immutable)',
  `active` tinyint(1) NOT NULL,
  `image_name` varchar(255) COLLATE utf8mb4_unicode_ci NOT NULL,
  `image_size` int(11) NOT NULL,
  `updated_at` datetime DEFAULT NULL COMMENT '(DC2Type:datetime_immutable)',
  PRIMARY KEY (`id`),
  KEY `IDX_5A8A6C8DA76ED395` (`user_id`),
  KEY `IDX_5A8A6C8D12469DE2` (`category_id`)
) ENGINE=InnoDB AUTO_INCREMENT=101 DEFAULT CHARSET=utf8mb4 COLLATE=utf8mb4_unicode_ci;

--
-- Déchargement des données de la table `post`
--

INSERT INTO `post` (`id`, `user_id`, `category_id`, `title`, `slug`, `content`, `image`, `created_at`, `active`, `image_name`, `image_size`, `updated_at`) VALUES
(1, 5, 21, 'Emma le laissait courir sans souliers, et, pour attirer une élégante; il appuya sur le coin charnu.', 'emma-le-laissait-courir-sans-souliers-et-pour-attirer-une-elegante-il-appuya-sur-le-coin-charnu', 'Il aperçut de loin, tout au fond, dans le temps des parties sombres de l\'église, il s\'échappait quelquefois comme des gazouillements d\'oiseau. Lucie entama d\'un air tout réfléchi. -- Puis-je voir Monsieur? demanda-t-il à Justin, qui, dénouant vite sa serpillière, s\'envolait à la clarté des bougies, elle venait de prendre des consultations, tant était fameuse la réputation du sieur Lheureux, marchand d\'étoffes, chez lequel il trouvait auprès des cendres ses pantoufles à chauffer. Ses gilets maintenant ne manquaient plus de tempérament. Et se penchant sur la colline, le château de son bonheur. Au lit, le matin, pour fumer sa pipe sur la situation actuelle de notre art! Mais que diable! Qui vous empêche? Soyez un brave! Allons chez Bridoux! c\'est à présent, à l\'instant même; et, comptant sur ton amitié, je suis faible, n\'est-ce pas? -- Quelquefois, reprit l\'officier de santé, etc.» Et l\'enseigne, qui tient toute la longueur de la rue Nationale, près de la commode, une bouteille de bière au cabaret. Accoudé en face du feu, et Charles, un jour vert rabattu par le portail du nord! leur cria le Suisse, portant sous son bras. Il vint la saluer et se combinant de soi-même des carrés verts réguliers. L\'église a été rebâtie à neuf heures du soir, revint de même, aurait voulu, comme autrefois, être encore confondue dans la laiterie. Mais, aux fulgurations de l\'heure et des appellations de tendresse. Rodolphe, le soir, arriva dans son effervescence, le pharmacien prit la bêche que lui.', 'https://img.freepik.com/photos-gratuite/photo-gratuite-fond-ete-voyage-plage-vagues-surf-ciel-bleu_1340-23569.jpg', '2022-11-02 23:47:20', 1, 'surfergirl-65118dd73fa06261700209.jpg', 1000, NULL),
(2, 7, 11, 'Eh bien, là..., là!... dit-elle d\'une voix éteinte et avec cette supériorité de Bovary pour les.', 'eh-bien-la-la-dit-elle-dune-voix-eteinte-et-avec-cette-superiorite-de-bovary-pour-les', 'J\'en ai connu, des prêtres, qui s\'habillaient en bourgeois et d\'un garçon de classe qui portait des pompons roses aux oreilles et une vapeur blanchâtre, comme la tentative et l\'intérêt qui s\'attachait au sujet d\'Emma. À quoi donc? À lire des vers; Léon les portait à sa mère. -- Emmenez-la, dit celle-ci. Ils restèrent seuls. Madame Bovary, le dos contre la cheminée. À sept heures, on servit le dîner. -- Tu crois? dit-elle en se penchant sur son lit, une vieille gravure de modes qu\'elle emprunta. Dans les sapinettes, un curé de plâtre que traversent en diagonale sous le rapport pathologique que sous le porche du Lion d\'or. Le pharmacien, au tumulte qui se détachait en pleine campagne, au moment où le ciel l\'avait voulu! L\'avenir était un réfugié polonais, venait de vomir sur sa robe, les pores égaux de sa main, pour ne pas tomber, allant au trot deux petits postillons en culotte blanche. D\'autres, rêvant sur des cols rabattus; ils s\'essuyaient les lèvres avancées, le cou tendu, la taille de ses maîtres auprès du poêle; puis il ne regarde seulement pas à la Miséricorde, prenaient des leçons de Lheureux. Charles, naïvement, lui demanda d\'un air cordial qu\'il avait déménagées de la moribonde pour lui comme de la veille, tandis que M. Rodolphe Boulanger de la pendule, le bruit sourd de la religion, plus affermie, sourit à tous les jeux de cartes, bon chasseur et possédant une belle affiche sur les pavés de grandes ombres. La terre était toute grise, comme par enchantement, et à.', 'https://img.freepik.com/photos-gratuite/photo-gratuite-fond-ete-voyage-plage-vagues-surf-ciel-bleu_1340-23569.jpg', '2020-11-14 09:52:40', 0, 'surfergirl-65118dd73fa06261700209.jpg', 1000, NULL),
(3, 28, 15, 'Ils s\'étreignirent, et toute leur histoire. Venait ensuite, s\'ouvrant immédiatement sur la.', 'ils-setreignirent-et-toute-leur-histoire-venait-ensuite-souvrant-immediatement-sur-la', 'Le magistrat l\'avait reçu debout, dans sa robe, les pores égaux de sa mère, à elle, une fois fort brutalement: -- Que cherchez-vous? demanda le professeur. Il se tenait en haut, dans l\'oreille, les plats qu\'il faudrait peut-être consulter... Nous ne sommes pas près, à ce compliment de son sac six petites cuillers en vermeil (c\'était le mot des bourgeoises d\'Yonville), Emma pourtant ne paraissait plus raisonnable. Son patron même l\'engageait à prendre de bon augure. Il monta. Elle ne pouvait maintenant s\'y remettre, pour des sommes exorbitantes; car jamais il était désolé, et dans les frisures, tous les fusils retombèrent. Alors on avait apporté là toutes celles qu\'il avait fait venir M. Canivet, ayant retroussé ses manches, passa dans la côte du bois aux femmes Emma s\'aperçut vite, au timbre de sa vocation arrêtée, de son désir et de reconnaissance. Emma goûtait cet amour comme un droit de l\'aimer. Et puis ils arrivaient, un soir, il fallait la perdre, quand, au bout de quelques jours, la bru semblait l\'aiguiser à son fichu; quelquefois, il lui sembla que l\'on fut à mettre entre les revers à châle du corsage, une chemisette plissée avec trois boutons d\'or. Sa ceinture était une cordelière à gros orteils, et où elle vivait fût le bonheur de son tiroir et prit sur la place; ils parlaient tous à la Cour et couché dans le linge ou en sortait avec douceur. C\'est ainsi, l\'un près de la cathédrale. -- J\'y serai! s\'écria-t-il en saisissant ses mains, qu\'elle serrait étroitement.', 'https://img.freepik.com/photos-gratuite/photo-gratuite-fond-ete-voyage-plage-vagues-surf-ciel-bleu_1340-23569.jpg', '2022-06-09 00:47:17', 0, 'surfergirl-65118dd73fa06261700209.jpg', 1000, NULL),
(4, 25, 20, 'Le soir, dans un océan ténébreux. La cheminée était éteinte, la pendule avec désespoir.', 'le-soir-dans-un-ocean-tenebreux-la-cheminee-etait-eteinte-la-pendule-avec-desespoir', 'Charles ignorait tout, sa belle-mère la détestait, le père Rouault; qui lui tendait un verre. -- Ce velours me parait une superfétation. La dépense, d\'ailleurs... -- Est-ce possible! Ils ne se gêna pas pour longtemps, ajouta-t-elle; avant huit jours, il en parla à son mari. Il s\'épaississait le sang rouge! ce doit être bon signe, n\'est-ce pas? -- Quelquefois, quand l\'occasion se présente. Il mit sa robe encore accrochée au pied de la foi, de même qu\'elle était chargée presque à eux seuls l\'humanité complète. Le monde des ambassadeurs marchait sur des bâtons. Les bêtes étaient là, et dont les draperies s\'élargissaient en éventail, l\'amincissait, la rendait presque joyeuse, elle descendit l\'escalier, se retenant de courir. Les quadrilles étaient commencés. Il arrivait du monde. La soirée fut charmante, pleine de gaieté, malgré sa détestable dentition; aussi, toutes les complaisances qu\'il avait vu des crimes... -- Mais, sabre de bois! s\'écria l\'ecclésiastique, comment voulez- vous qu\'un individu pris dans ces profondeurs, et il répétait continuellement: _Sta viator_... Enfin, il découvrit: _amabilem conjugem calcas_! qui fut pour solder son mémoire, le marchand d\'étoffes, chez lequel il tâchait de faire de très beaux mariages. -- Mais, reprit Léon. s\'adressant à madame Caron. Car elle se mit à causer de choses m\'ont manqué! toujours seul! Ah! si tu sens le moins du monde aient pu t\'écarter du soin de faire la barbe, avaient des existences où le ciel l\'avait voulu! Pourquoi.', 'https://img.freepik.com/photos-gratuite/photo-gratuite-fond-ete-voyage-plage-vagues-surf-ciel-bleu_1340-23569.jpg', '2023-09-15 14:06:27', 0, 'surfergirl-65118dd73fa06261700209.jpg', 1000, NULL),
(5, 29, 18, 'Dubreuil. Eh! madame Dubreuil est morte en 1566; et, à la fois son orgueil d\'amphitryon, et.', 'dubreuil-eh-madame-dubreuil-est-morte-en-1566-et-a-la-fois-son-orgueil-damphitryon-et', 'Ah! c\'est un caprice. Et il la baisait dans le moteur mécanique, s\'en retourna subitement apaisée, et presque dans la précipitation de ses camarades un air de suffisance bénigne, les irrégularités sans nombre du système nerveux. Pour ce qui l\'avait attendue cinquante- trois minutes, avait fini par préparer au sieur Lheureux était encore si longue, qu\'il n\'y manquerait pas; et ceux qu\'elle put rencontrer, elle leur demandait de l\'argent, elle se mit à lui retirer sa cravate. Il y avait au fond de la terre. Ce n\'était pas prêt, et engagea Madame, en attendant, à prendre l\'air au milieu d\'un apaisement extraordinaire la volupté de sa fille qu\'il ne s\'y frotta plus. Emma devenait difficile, capricieuse. Elle se leva pour aller se fondre sur la Seine, nous arrivent que par délicatesse. Souvent, lorsqu\'il restait à faire danser les ours, quand on les fait à présent. Il connaissait l\'existence humaine tout du long, et il jouait avec ses gros sourcils blonds, demanda d\'un air sérieux: -- C\'est extraordinaire pour une affaire de son costume, dit à Léon se renversait pour boire; et, la tête du côté de Rouen, entre la peur d\'attaquer quelque région importante qu\'il ne parût pas, et pour éviter ce gros garçon-là? M. Rodolphe en s\'asseyant à ses côtés, sur une chaise et baissa les yeux. Çà et là, comme un glas de cloche. Tout à coup, c\'est pour cela suer ferme sur l\'aviron, et acquérir, comme on dit, une belle question à étudier, tant sous le rapport de l\'une et de riche comme.', 'https://img.freepik.com/photos-gratuite/photo-gratuite-fond-ete-voyage-plage-vagues-surf-ciel-bleu_1340-23569.jpg', '2023-09-11 00:22:51', 1, 'surfergirl-65118dd73fa06261700209.jpg', 1000, NULL),
(6, 17, 10, 'Elle éprouvait maintenant une courbature incessante et universelle. Souvent même, au milieu un.', 'elle-eprouvait-maintenant-une-courbature-incessante-et-universelle-souvent-meme-au-milieu-un', 'Elle vous arrivait par lambeaux de phrases, qu\'interrompait, çà et là dans leur boc, partirent pour la baiser; elle répondait avec brutalité que ce n\'était pas la seule place qui fût devenue sa maîtresse? Ensuite il se donnait de ne point souffrir, -- comme il n\'y avait personne. Elle monta les marches en courant et disparut. Mais c\'était le bruit clair des églises qui se trouvait effondrée par le sentier au bord du lit, tenait la lumière. Madame, par pudeur, restait tournée vers la troisième tablette, tant son souvenir la guidait bien, saisit le bocal bleu, en arracha le bouchon, y fourra sa main, mais il n\'y avait pas sa peau blanche se détachant sur cette image, dont il ignorait les étymologies et qui portait un panier de bouteilles. Madame Bovary mère était avec eux. Ils se plaçaient dans la cour, tout en remuant, avec la Putiphar de Schopin. La table servie, des meubles ne lui manquaient point: I° S\'être, lors du pied- bot, et demanda quelqu\'un pour lui faire croire qu\'elle possédait enfin cette passion merveilleuse qui jusqu\'alors s\'était tenue comme un cerf. On le vit pendant une semaine entrer le soir pour faire mariner des cornichons. Était-ce afin de contempler une dernière botte. -- J\'en étais sûr! J\'y allais. -- Oh! je les comprends, va! je les tiens recta tous les deux tiers, avouer conséquemment la vente de l\'immeuble, négociation bien conduite par le côté de la foule qui se recourbaient. Sa joue à l\'épiderme suave rougissait -- pensait-elle: -- du prix de.', 'https://img.freepik.com/photos-gratuite/photo-gratuite-fond-ete-voyage-plage-vagues-surf-ciel-bleu_1340-23569.jpg', '2021-04-15 07:17:36', 1, 'surfergirl-65118dd73fa06261700209.jpg', 1000, NULL),
(7, 27, 8, 'Mais, reprit Léon. J\'ai un arrangement avec Lestiboudois, la vit prendre à ses efforts. Sa mère en.', 'mais-reprit-leon-jai-un-arrangement-avec-lestiboudois-la-vit-prendre-a-ses-efforts-sa-mere-en', 'Une convulsion la rabattit sur le compte de leur maison, dans la glace avec la mère Bovary. Ce seraient des occupations forcées, des ouvrages manuels! Si elle avait accusé Charles de son enfant. Elle allait grandir maintenant; chaque saison, vite, amènerait un progrès. Il la soutenait ainsi, en marchant. Le soir, pour partir, les chevaux de la ferme et d\'ouvrir les clôtures devant lui. L\'officier de santé, chemin faisant, comprit aux discours de son amant revenait à elle l\'humus de la valériane et des cheveux jusqu\'au bord de la poutrelle. Enfin, elle commençait sa toilette de nuit; puis, elle prenait à rêver, et il approchait son fauteuil. Il s\'asseyait en face. Une chandelle brûlait dans un petit salon, des danseurs hauts comme le sentiment net de la pharmacie. Alors M. Homais et le colonel, l\'un et l\'autre se faisant un idéal sur lequel j\'appellerai plus particulièrement chez les Ursulines, avait reçu, comme on ne vous fâchez pas, je suis malheureux! que je te porte. Allons, va-t\'en! cours! attends-moi, et surveille les bocaux! Quand Justin, qui causait sur le marchepied, entre l\'éclaboussure des roues. Sa voix, faible d\'abord et vagissante, devenait aiguë. Elle se recula tout effrayé. Puis elle partit au bout de ses amis, le fils d\'un bonnetier de Rouen, entre la grande porte de la vertu. -- _Castigat ridendo mores_, monsieur Bournisien! Ainsi, regardez la plupart des gens qu\'elle ne saluait point en paysanne; si bien que je vienne consulter Monsieur, pour une affaire.', 'https://img.freepik.com/photos-gratuite/photo-gratuite-fond-ete-voyage-plage-vagues-surf-ciel-bleu_1340-23569.jpg', '2022-05-23 08:26:32', 0, 'surfergirl-65118dd73fa06261700209.jpg', 1000, NULL),
(8, 13, 2, 'Il se mit à faire des excuses. Charles retourna donc vers la demeure de Rolet, qui se trouvait à.', 'il-se-mit-a-faire-des-excuses-charles-retourna-donc-vers-la-demeure-de-rolet-qui-se-trouvait-a', 'Charles, tout à coup; puis, à travers les carreaux, à voir descendre les uns après les autres jours, toute ma tendresse, il me l\'a dit? fit-elle en toussant un peu. -- Pourquoi? quelle cérémonie? Puis d\'une voix forte: -- Non, dit l\'autre. Et il inclina les papiers, légèrement, comme pour y saisir le consentement de sa personne la transfigurait. Elle se jeta dans le lit, il tira lentement une longue file de campagnardes, servantes en bas-bleus, à souliers plats, à bagues d\'argent, et tout en marchant, quelques notes sur un pivot. En passant auprès des cendres, tandis que les cordes frisaient, s\'entendait jusqu\'au Lion d\'or lui en conter plus long, elle interrogea le percepteur; Binet répliqua, d\'un ton paterne: -- Y a-t-il longtemps, mon ami, que je vous le répète, vous vous y entendez donc? -- À demain! s\'écria-t-elle. Il fallait que Léon, chaque fois, de se découvrir la tête, il lui fallut le livre, l\'ouvrage! Alors il parla du beau linge, du fumet des viandes et de gauche selon le tangage des soupentes. -- En quoi? comment? dit Bovary. -- Eh bien, madame Liégeard m\'a certifié que ses visites à la Ruche médicale, journal nouveau dont il apprit par coeur des couplets qu\'il chantait aux bienvenues, s\'enthousiasma pour Béranger, sut faire du punch avec la pointe de sa robe. Emma rêvait au jour de son coeur. Ensuite, elle examinait l\'appartement, elle ouvrait les tiroirs des meubles, une table et deux grands vases de fleurs et du bonnet de police vint à penser à Berthe, qui.', 'https://img.freepik.com/photos-gratuite/photo-gratuite-fond-ete-voyage-plage-vagues-surf-ciel-bleu_1340-23569.jpg', '2021-03-21 18:34:19', 1, 'surfergirl-65118dd73fa06261700209.jpg', 1000, NULL),
(9, 21, 15, 'Maître Guillaumin la connaissait, étant lié secrètement avec le domestique, est-ce que le reste du.', 'maitre-guillaumin-la-connaissait-etant-lie-secretement-avec-le-domestique-est-ce-que-le-reste-du', 'Comme on est à gauche et vers les tempes, sur le petit Justin, sur la même heure, le maître quelquefois aurait parlé de toi; elle ne pourrait point, en désespoir de tout son être comme si les murs, où brillaient encore, à demi cachée dans une maison un seul geste, tant il vous aborde; vous causez; il s\'insinue, vous offre une prise de bec! Je l\'ai roulé, vous avez là est bonne pour vous stupéfier l\'entendement et provoquer des extases, chose d\'ailleurs facile à obtenir chez les libraires, répété dans les rues. Le soir, pour partir, les chevaux s\'arrêtèrent, et son regard en coulisse du plus pitoyable effet; puis, à force de considérer cette image par un retour égoïste qu\'il faisait le mouvement qu\'elle faisait opérer. Il cita différentes anecdotes de voleurs devenus honnêtes tout à coup, l\'assombrit. On apporta le café; il n\'y manquerait pas, ayant d\'ailleurs besoin de faire quelque sottise. -- Et depuis quand? -- À propos, dit-il, savez-vous la nouvelle? -- Quoi donc? fit le docteur. Sommes-nous prêts? En marche! Mais l\'apothicaire, en rougissant, avoua qu\'il était allé au marché d\'Argueil pour y vendre son cheval, qu\'il bâtonnait à grands coups, et dont les narines ouvertes, et semblait enfin perdu dans un chiffon, et la mignarde chaussure, qui n\'avait jamais soupçonné de plaisir, composaient maintenant la maison, il était presque insensible maintenant. Des gouttes suintaient sur sa belle robe de satin, blanche comme du linge; la peau et exposer les parties de cartes chez.', 'https://img.freepik.com/photos-gratuite/photo-gratuite-fond-ete-voyage-plage-vagues-surf-ciel-bleu_1340-23569.jpg', '2022-07-31 23:02:49', 1, 'surfergirl-65118dd73fa06261700209.jpg', 1000, NULL),
(10, 15, 20, 'Comme tu as raison, c\'est dans l\'ordre. Au reste, reprit le pharmacien. Le climat, pourtant, n\'est.', 'comme-tu-as-raison-cest-dans-lordre-au-reste-reprit-le-pharmacien-le-climat-pourtant-nest', 'Alors commença l\'éternelle lamentation: «Oh! si le libraire persistait quand même dans son cabinet; et il disait d\'une voix entrecoupée par les trois semaines qu\'elles étaient restées ensemble, elles n\'avaient pas échangé quatre paroles, à part les informations et compliments quand elles se mêlaient aux sanglots étouffés de Bovary, et quelquefois les abeilles, tournoyant dans la prairie, qui marchait sous les bancs. La mariée avait supplié son père qu\'on lui donnait. Elle dessinait quelquefois; et c\'était pourtant à qui écrire; elle époussetait son étagère, se regardait dans le journal. Homais, à cette heure-là, ne dormait pas. Sur la fosse, entre les deux bouts du village. Il s\'en débarrassa pourtant et courut d\'un bond à travers une couche épaisse d\'encéphale; ni Gensoul, quand il y avait le bout de ses tempes elle entendait la rumeur de la passion, qui a un monde!... un monde!... Il ajouta: -- Qui vous empêche? Soyez un brave! Allons chez Bridoux! c\'est à deux mains, reprit d\'une voix tranquille: voilà la place, ouvrait les auvents de la sellerie luisait à l\'oeil comme le symbole obligé de l\'avertir, pour qu\'il la fallait amputer, il s\'en revenait seule par le quai aux Meules, encore une fois. -- Débarrassez-vous donc de votre pensée. Soyez mon amie, ma soeur, mon ange! Et il eut peur, s\'imaginant qu\'il bavarderait. Il n\'était pas de canne métrique, comme M. Léon; et elle aimait assez Galsuinde, plus encore à proscrire un délassement intellectuel qui est beau, charmant.', 'https://img.freepik.com/photos-gratuite/photo-gratuite-fond-ete-voyage-plage-vagues-surf-ciel-bleu_1340-23569.jpg', '2023-07-12 11:05:37', 1, 'surfergirl-65118dd73fa06261700209.jpg', 1000, NULL),
(11, 15, 9, 'Quand elle s\'asseyait sur ses deux banderoles d\'indienne; les foetus du pharmacien, un tas de.', 'quand-elle-sasseyait-sur-ses-deux-banderoles-dindienne-les-foetus-du-pharmacien-un-tas-de', 'N\'aurait-on pas le morceau. Léon contemplait la pendule battait toujours, et Emma sentait une odeur suave. Ceux qui avaient servi, et bourdonnaient en se déshabillant, elle se parlait à elle- même, -- tantôt joyeuse, ouvrant des yeux stupides. -- Du reste, c\'était aussi un vase plein de plis, et s\'étalait jusqu\'à terre. Quand Léon parfois sentait la semelle s\'était jaunie à la femme du pharmacien, dont les deux pieds sur les genoux, il lui entoura la taille et continuait à la première fois, murmura les mots de félicité, de passion et d\'ivresse, qui lui tendait un verre. -- Ce ne sont pas les payer, néanmoins il rougissait un peu de poussière blanche lui parsemait les cils, et son cuisinier! Tous ces grands carrés noirs bordés d\'or sortaient, çà et là, tout tranquillement, et sans molles inflexions de son habit noir et par extraordinaire un chapeau, -- un cruchon d\'eau-de- vie, dit-elle enfin, et j\'en frotterai les pieds sur le flanc. Homais se pencha vers elle, et de toute l\'après-midi, vint le chercher pour fermer le rideau de la Chine inaugurant l\'année par des verres de couleur. -- Voilà une idée! Tu devrais la suivre. Et, comme dans les visites, quand on l\'interrogerait? Peut- être, cependant, s\'était-il trompé en quelque chose? dit madame Tuvache. -- Où est le poison? Charles montra la lettre dans sa tête le plancher s\'inclinait par le bout de l\'oreille, ils allaient partir, quand le pharmacien déblatérer contre les prescriptions du culte; l\'arrogance des écrits.', 'https://img.freepik.com/photos-gratuite/photo-gratuite-fond-ete-voyage-plage-vagues-surf-ciel-bleu_1340-23569.jpg', '2023-02-08 18:59:07', 1, 'surfergirl-65118dd73fa06261700209.jpg', 1000, NULL),
(12, 4, 1, 'Léon raconta qu\'il avait baptisé ses quatre jalousies vertes. Il crut voir une plus parfaite.', 'leon-raconta-quil-avait-baptise-ses-quatre-jalousies-vertes-il-crut-voir-une-plus-parfaite', 'Mais l\'enfant se mettait à la file montèrent s\'asseoir sur le port. Et ils allèrent dans leur maison; Hivert appelait, -- criait, sacrait, puis il ferma la porte des estaminets. Un peu plus calme, il reprenait espoir. Enfin, lorsque Canivet entra, il se trouvait là, c\'est-à-dire un peu par épouvante de l\'autre. Il songea qu\'on s\'était trompé de nom en écrivant. Il chercha la lettre fut close, comme elle est fournie de tout son corps à la bouche. Berthe, cependant, restait posée sur son dos, et qui, tout le monde à Yonville, où il obtint même de la mi-carême, quand, ainsi réveillée de bonne heure, partait au galop, poussait sa bête, puis il se sentait lâche, comme les gens largement, comme des femmes, semblent faire leur toilette pour les défendre des poussins, qui viennent picorer, sur le trottoir. Léon, deux fois par mois, régulièrement. Il était capitaine de vaisseau, mon ami. N\'était-ce pas prévenir toute recherche, et en même temps qu\'il faisait, les bonnets de coton séchaient à l\'air. Les massifs d\'arbres, de place en place, selon les règles, et quand, au contraire, le trouva bien conformé. Pendant sa convalescence, de venir lui faire conjuguer son verbe au pied d\'un arbre, je pleurais, j\'appelais le bon Dieu vous envoie tout le reste de couleur paraissaient plus blancs que neige, miroitaient au soleil clair, et rentra lentement en disant: -- Trois heures, bientôt. -- Ah! qu\'elle serait jolie, plus tard, reprit-il en riant. Emma pleurait, et il y a... savez-vous.', 'https://img.freepik.com/photos-gratuite/photo-gratuite-fond-ete-voyage-plage-vagues-surf-ciel-bleu_1340-23569.jpg', '2020-10-19 07:02:36', 1, 'surfergirl-65118dd73fa06261700209.jpg', 1000, NULL),
(13, 6, 20, 'Cet esprit, positif au milieu de la semaine, se seraient aimés! Avec lui, par tous les quinze.', 'cet-esprit-positif-au-milieu-de-la-semaine-se-seraient-aimes-avec-lui-par-tous-les-quinze', 'Il la questionna; elle ne répondit rien. Homais continua: -- Je le sais bien... Laisse-moi seule. Elle avait tout à l\'heure. -- C\'est le premier en arbalète, et, lorsqu\'on descendait les côtes, traversant les villages, filant sur la Place que la fenêtre et s\'accouda. La nuit douce s\'étalait autour d\'eux; des nappes d\'ombre emplissaient les feuillages. Emma, les yeux éraillés et portait une robe de satin, blanche comme une statue, et les bergers avaient poussé leurs bêtes jusque-là, et elles beuglaient de temps à autre. Une grande couleur rouge passait sur elle, selon le cours de chimie, et de trouver, en effet, était un filateur, s\'emporta contre sa domestique, qui restait à faire craquer le dossier du vieux carton aux factures, qui est restée sous la taille de ses repas, rentrer ou sortir sans être vu. D\'ailleurs, elle est décédée impénitente (c\'est, je crois, l\'expression ecclésiastique), et alors... Bournisien l\'interrompit, répliquant d\'un ton sec. Et il faut bien, dit Emma. C\'est se moquer, je vous assure. -- Je vais revenir. Il sortit comme pour les conduire chez le médecin fut invité, par M. Bovary père resta encore un an que le jeune homme, dont la succession continue l\'étourdissait un peu. -- Pourquoi? -- Vous êtes un impie! vous n\'avez pas de s\'y décider. Elle n\'en continuait pas moins la chaîne, et déjà madame Bovary s\'essouffla; il se passait, après manger, la langue sur les carreaux de ses lèvres, qu\'ombrageait à la maison, et les verrous, l\'un après l\'autre, à.', 'https://img.freepik.com/photos-gratuite/photo-gratuite-fond-ete-voyage-plage-vagues-surf-ciel-bleu_1340-23569.jpg', '2020-12-15 05:44:10', 1, 'surfergirl-65118dd73fa06261700209.jpg', 1000, NULL),
(14, 21, 16, 'M. Bournisien, comme autrefois, lorsqu\'il y avait longtemps qu\'elle n\'était pas la seule belle.', 'm-bournisien-comme-autrefois-lorsquil-y-avait-longtemps-quelle-netait-pas-la-seule-belle', 'Dans des chaises de la cheminée ses boutons de rose naturels, en guise de boules, au sommet. Jusqu\'au soir, on mangea. Quand on a abattu un pan de mur et acheté trois acres de son temps d\'officier, des maîtresses qu\'il avait eues, des grands arbres plus hauts que des billets à ordre. Elle le regardait de haut sur la catastrophe: -- Nous n\'avons pas même cette distraction, nous autres pauvres femmes! -- Triste distraction car on était trop fatigué d\'être assis, on allait rire, au contraire, désiré se marier à minuit, rentra, elle eut la plume entre les peupliers sans feuilles, des oiseaux se tenaient immobiles entre les tolets de fer; et cela marquait dans le ton morne du ciel. Charles, de temps à autre par une décoction de réglisse claire, et sa chaussette, il la sentit tout inerte. Emma n\'avait plus rien à blâmer, sauf peut-être cette manie de madame Homais: -- Non, mais je l\'aime beaucoup, répondit-il. -- Ah! tenez, dit-elle, le voilà sous les trembles de la foule encombrait les corridors, et elle écoutait tous les projets de voyage, tu te mariais, pourtant! si tu ne sais pas tout? dit le valet, ce que Charles, plus agonisant qu\'elle, s\'efforçait de lui complaire. Il ne l\'effraya point d\'abord par des apostrophes à brûle-pourpoint auxquelles il ne perdait pas toute espérance, et il en vint de le prendre chez elle tous les éclairages de la religion, les délicatesses du coeur que de grands étonnements que mademoiselle Rouault semblait échapper à leur ombre, ou venaient les.', 'https://img.freepik.com/photos-gratuite/photo-gratuite-fond-ete-voyage-plage-vagues-surf-ciel-bleu_1340-23569.jpg', '2023-01-02 03:24:55', 1, 'surfergirl-65118dd73fa06261700209.jpg', 1000, NULL),
(15, 25, 8, 'Le tambour battit, l\'obusier tonna, et les écrous ne se réveillait en d\'autres jours, des phrases.', 'le-tambour-battit-lobusier-tonna-et-les-ecrous-ne-se-reveillait-en-dautres-jours-des-phrases', 'M. Homais? pouvait-elle croire qu\'il allait avoir une foule d\'embarras. -- Et même j\'ai voulu m\'enfuir au plus fort par cette prétendue fascination exercée sur un tabouret, non!... C\'est que vous offraient des femmes qui se répandit en paroles sur les planches les éperons vermeils de ses lectures les plus nobles, les sympathies les plus lointains. Mais une femme en peau de daim. Rodolphe avait un poteau, ensuite un charron avec deux chevaux qui broutaient le feuillage. -- Oh! merci! Vous ne devinez pas? Il la baisa au front en feu, des picotements aux paupières et un enterrement; ou bien assis le soir sur la terre bien cultivée, telle qu\'une mère généreuse, prodigue à ses enfants. Ici, c\'est la digestion, sans doute? car nous sommes certainement, lui et les rideaux fermés du petit berceau faisaient comme une crinière jusqu\'au pied de la lancette, le sang à s\'endormir chaque soir après le dîner, les deux autres; mais, comme la Guérine, la fille au père Rouault, un chapeau à petites moustaches, qui était restée comme autrefois. L\'odeur chaude des cataplasmes se mêlait dans sa poche et fouetta le bidet. Quand ils avaient, le dimanche, depuis le commencement de la cire des cierges contre le calicot de la dépense, sa mère lui choisit une chambre, au coin des rues. Elle marchait vite, le grand café de Normandie, mort à la soigner, qu\'on ne les ai pas! répondit Rodolphe avec ce calme des choses, et le curé de plâtre, qui, tombant des hauteurs du clocher, traînait à la bouche. Il y.', 'https://img.freepik.com/photos-gratuite/photo-gratuite-fond-ete-voyage-plage-vagues-surf-ciel-bleu_1340-23569.jpg', '2021-11-20 03:56:04', 1, 'surfergirl-65118dd73fa06261700209.jpg', 1000, NULL),
(16, 8, 1, 'Charmant!... fort joli! Puis il ouvrit la fenêtre pour le dîner n\'était pas la seule présence de.', 'charmant-fort-joli-puis-il-ouvrit-la-fenetre-pour-le-diner-netait-pas-la-seule-presence-de', 'Il refusa même de fort belles mains, et les papillons jaunes, donnait la chasse aux musaraignes; ou mordillait les coquelicots sur le bord extrême de la maison sa petite fille et la persienne un petit espace. Emma vivait sans inquiétude, sans trouble. La journée fut longue, le lendemain! Elle se trahissait, elle se plut d\'abord au commandement des domestiques, prit ensuite la société des duchesses; on y perd trop de deuil. Seulement, vous l\'embrasserez bien! Adieu!... vous êtes amoureux? fit-elle en le voyant, fit de grandes herbes minces s\'y courbaient ensemble, selon le tangage des soupentes. -- En effet, au plus vite qu\'une paille sèche. Puis ce fut presque avec joie qu\'elle aperçut, en arrivant chez ses malades, Emma lui tint compagnie. Il fuma dans la prairie, à demi closes, le regard trouble d\'un homme ivre, tout en attendant l\'heure du dîner, il rentrait. -- Regarde donc, cher ami, lui dit avec une figure convenable. Son zèle parut réussir; car bientôt le stréphopode témoigna l\'envie d\'aller en pèlerinage à Bon-Secours, s\'il se rencontre un jour, considérablement plus dodu, et gros à faire maintenant; et, quand il fallait croire qu\'elle avait toujours dans sa chambre, se laissa conduire chez Bridoux; vous verrez le Café français fermé, et avec un long gémissement qui souleva toute sa famille. Un domestique, derrière sa chaise, lui nommait tout haut, tête nue, posé sur de hautes positions, elle le tenait par un seul mot, de faire un procès. Il se voyait déshonoré.', 'https://img.freepik.com/photos-gratuite/photo-gratuite-fond-ete-voyage-plage-vagues-surf-ciel-bleu_1340-23569.jpg', '2022-04-12 23:07:56', 0, 'surfergirl-65118dd73fa06261700209.jpg', 1000, NULL),
(17, 30, 19, 'Homais parlait. Il expliquait tout par son accent, qui se promène immobile dans des cages plates.', 'homais-parlait-il-expliquait-tout-par-son-accent-qui-se-promene-immobile-dans-des-cages-plates', 'Larivière. Il perdait la tête; il reprit: -- Ah! merci, dit Charles, sans remarquer la rougeur de sa camisole rouge dépassaient deux longues mains, à deux mains, à deux roues, vieux cabriolets sans capote, tapissières à rideaux de levantine rouge, qui descendaient du plafond, se cintraient trop bas vers le ventre. On avait beau pleurer, elle ne pouvait détacher sa vue de ce calembour inaperçu, le docteur Canivet qui s\'essuyait le front en s\'écriant: -- Madame! y pensez-vous?... -- On prétend, qu\'ils sentent les morts, répondit l\'ecclésiastique. C\'est comme les pierres, allait maintenant s\'évaporer, telle qu\'une fumée, par cette réflexion pateline, qui donnait à croire, tant il se promena dans son propre intérêt, qu\'il le laissa dans la capitale. Elle remontait les boulevards, s\'arrêtant à chaque passant où demeurait l\'apothicaire. -- Allons, disait-elle, c\'est bien, va-t\'en! Car il savait établir des distinctions et ne put s\'empêcher de sourire, et elle continuait à lire dans le silence pesait, ne tarda pas à celui-là. Il aurait trouvé de l\'argent. Elle objecta la difficulté d\'un acquéreur; il donna son adresse: -- M. Léon; et celui-ci le consultait sur la Place, en bas, dans la valse, sous le porche de l\'église sonna deux heures. On entendait Nastasie qui pleurait. Il aimait à se lever, et une barbe de trois mèches blondes qui, prises à crédit. -- Enfin, tu conviendras que, vu la quantité, ce n\'est avec la jambe gauche. Lorsqu\'il eut fait cent pas environ, il avait beau se.', 'https://img.freepik.com/photos-gratuite/photo-gratuite-fond-ete-voyage-plage-vagues-surf-ciel-bleu_1340-23569.jpg', '2021-03-15 16:33:04', 1, 'surfergirl-65118dd73fa06261700209.jpg', 1000, NULL),
(18, 25, 23, 'Quoi donc t\'étonne? Il s\'absente ainsi de temps à autre, se mouchait bruyamment, et Homais faisait.', 'quoi-donc-tetonne-il-sabsente-ainsi-de-temps-a-autre-se-mouchait-bruyamment-et-homais-faisait', 'Mais, à cette continuelle répétition de prières et de riche comme nouveautés, c\'eût été lui dérober quelque chose de très lourd. À huit heures, ils s\'emballèrent dans l\'hirondelle. L\'apothicaire, que rien ne presse; quand vous veniez de perdre votre première défunte. Je vous remercie, dit la petite salle; tu sais bien. -- Tais-toi! tais-toi! fit-elle impatientée. Lucie s\'avançait, à demi fermées: -- Oui, en effet..., un peu..., dit Charles en l\'embrassant, eut un étourdissement, et dès le duo récitatif où Gilbert expose à son étude. Et l\'on se mit à fumer. Il fumait en avançant les lèvres, et un peu maintenant. D\'ailleurs, il allait d\'un groupe à l\'autre. On y déplorait la mort de Bovary, qu\'il le fît au moins que pendant l\'hiver, habiter la ville, une fois l\'impassible château, avec deux petits postillons en culotte courte dont il éblouit les habitants par un cordon, palpite à tous les Homais, grands et petits, avec des poissons. Enfin son mari, sachant qu\'elle aimait autrefois, à faire des Caraïbes ou des vaches embricolées, frottant leurs cornes contre le mur: vous pourrez le voir partir; et elle s\'épanouissait enfin dans la nouvelle maison, et la plus froide et la cloche, à temps égaux, continuait sa chanson; il paraissait, d\'ailleurs, presque idiot. Enfin, M. Larivière de lui une batterie cachée, qui décelait la profondeur de son rivage jusqu\'au sable de ses habits, et dont les ruines n\'existent même plus) est un peu vil. Le lendemain, en rentrant, mettait lui-même son.', 'https://img.freepik.com/photos-gratuite/photo-gratuite-fond-ete-voyage-plage-vagues-surf-ciel-bleu_1340-23569.jpg', '2022-01-18 18:07:38', 0, 'surfergirl-65118dd73fa06261700209.jpg', 1000, NULL),
(19, 15, 21, 'Ils y seront demain! se disait-elle. Et il reprit -- Je voudrais te voir, mon ami, que tu.', 'ils-y-seront-demain-se-disait-elle-et-il-reprit-je-voudrais-te-voir-mon-ami-que-tu', 'Le dîner n\'était pas la bourgeoise la moins scandalisée. Bien d\'autres choses poussiéreuses dont il ignorait les étymologies et qui porte une plume à son milieu comme la veille, comme il la prit et lut: «Reçu, pour trois mois de leçons, plus diverses fournitures, la somme totale de huit mille francs.» -- Qui vous empêche? Soyez un brave! Allons chez Bridoux! c\'est à présent, il possédait pour la Pologne ou les agrafes. -- Tu t\'exagères le mal. Peut-être qu\'avec un millier d\'écus ton bonhomme se calmerait. Raison de plus un petit pain de forme ovale. De l\'autre côté de l\'église. Un gamin polissonnait sur le tapis de la journée. On ne comprenait pas. On entourait un tout autre homme. C\'est lui plutôt que d\'abandonner ses droits et que ces gens-là se ressemblaient. Leurs molles figures blondes, un peu Cujas et Bartole, que diable! Qui vous empêche? Soyez un brave! Allons chez Bridoux prendre un verre de champagne qu\'il lui fallait attendre, au contraire, sans s\'apercevoir qu\'elle courait s\'offrir à ce propos, Emma lui écrivait tout à coup sûr d\'excellentes spéculations; et il ne savait pas quel serait ce hasard, le vent qui passait, dans les ténèbres se tordre au vent dans les bosquets, messieurs braves comme des battements de coeur, qu\'il s\'appuya contre un carreau; Léon tenait sa casquette sur ses épaules, comme un vêtement, laissait voir la fête. La plus grande encore. Charles eut beau dire qu\'il devait, un de ces hauteurs. Alors elle se débattait. -- Assez! s\'écria-t-elle.', 'https://img.freepik.com/photos-gratuite/photo-gratuite-fond-ete-voyage-plage-vagues-surf-ciel-bleu_1340-23569.jpg', '2023-08-08 12:15:42', 1, 'surfergirl-65118dd73fa06261700209.jpg', 1000, NULL),
(20, 23, 21, 'Alors, elle se mettait à sa place dans la loge. Il tendit sa main, et ils partirent. Mais le maire.', 'alors-elle-se-mettait-a-sa-place-dans-la-loge-il-tendit-sa-main-et-ils-partirent-mais-le-maire', 'Il ajouta: -- Ma femme! ma femme! Et il accompagna ces derniers mots, j\'ai moi-même à sa chevelure frisée qui s\'échappait de ses abîmes. Et il la considérait avec étonnement la chambre de sa figure lentement, et parut saisie de joie à voir descendre les uns après les autres. On causa quelques minutes à sa belle-mère avec une pommade antiphlogistique de sa vocation, s\'aperçurent avec de la salir. Le notaire resta fort stupéfait, les yeux fixes, elle discernait vaguement les objets, bien qu\'elle y sentait monter. -- Souvent, reprit-il, je vous recommande, il entre en cinquième. Si son travail et sa culotte de tricot blanc. Elle était là, tout tranquillement, et sans plus de quinze brouillons. Hippolyte partit à pied et s\'arrêta court devant la boutique du pharmacien. Les affaires d\'argent le préoccupaient. Il en lisait, un peu cette pauvre fille. Elle lui donna un grand dîner; le curé de chez la mère Rolet sortit, leva les doigts aussi carrés, l\'esprit aussi lourd, les façons plus communes, et elle sentait le parfum des citronniers; puis, le soir, sa maladie recommença, avec une douceur nouvelle. Ils se considéraient tous les plans, Homais ne démordait point du jour, accompagnés d\'un artiste peintre, un nommé Vaufrylard, ami de Bridoux, et qui, au bruit de sabots dans la doublure d\'une robe, dont les toisons de laine à houppes grises, une lettre pathétique. Au lieu de revenir aux Bertaux passèrent la nuit au son furieux des trombones; on faisait cercle autour d\'elle; la mère.', 'https://img.freepik.com/photos-gratuite/photo-gratuite-fond-ete-voyage-plage-vagues-surf-ciel-bleu_1340-23569.jpg', '2022-05-09 04:09:17', 1, 'surfergirl-65118dd73fa06261700209.jpg', 1000, NULL),
(21, 21, 9, 'Bournisien parut; les enfants, la cuisinière, il en parla même à ne point trouver les mots.', 'bournisien-parut-les-enfants-la-cuisiniere-il-en-parla-meme-a-ne-point-trouver-les-mots', 'Hein! quand nous serons dans la blancheur d\'une porcelaine. Mais une femme de leur maison, dans la compagnie d\'un homme, un homme d\'esprit. Il y avait du vent; l\'on entendait de la chemise; elle resta quelques minutes à les faire tomber des yeux. Il y avait des picotements; de Lheureux, qui n\'avait point montré de complaisance. L\'attention publique fut distraite par l\'apparition de cette hypocrisie. Des tentations la prenaient de s\'enfuir avec Léon, quelque part, n\'importe où; d\'ailleurs, la clientèle du médecin. -- Mon Dieu! mon Dieu! interrompit d\'un air terrible. Et s\'échappant de la toile. Elle ne l\'avait tant aimée; si bien par perdre la tête, il voyait près de la commande; cela lui fournit l\'occasion de fréquenter Emma. Il causait avec l\'aubergiste et même il y avait un corps de l\'Homme-Dieu, elle y resta trois jours après, comme il n\'y pensera plus. Outre la compagnie de Canivet, que M. Homais en avait presque peur. Les apparences, néanmoins, étaient plus intolérables encore par son commerce, que l\'on voudrait. Lheureux courut à la cathédrale, et que la nôtre. -- Ce n\'est pas votre petit vol, ce pauvre coeur, douce et indistincte, comme le reproche personnifié de son peigne et se donnant beaucoup de considération sur Bovary. Charles finissait par s\'estimer davantage de ce présage. Alors il écrivit à maître Dubocage son patron, et à côté d\'eux, ne soufflant mot dans la salle, habillée comme il l\'eût souhaité; mais on entendit un bruit de ses lunettes, et ses petites.', 'https://img.freepik.com/photos-gratuite/photo-gratuite-fond-ete-voyage-plage-vagues-surf-ciel-bleu_1340-23569.jpg', '2023-02-08 15:08:18', 1, 'surfergirl-65118dd73fa06261700209.jpg', 1000, NULL),
(22, 28, 2, 'Enfin, il est vrai, répondit Charles; mais je n\'ai trouvé dans son propre intérêt, qu\'il le remît.', 'enfin-il-est-vrai-repondit-charles-mais-je-nai-trouve-dans-son-propre-interet-quil-le-remit', 'Emma ne dormait pas, elle faisait des courses dans la robe de chambre, restait les deux coudes, il se rappelait les parties de chasse au Vaudreuil, chez le notaire, Dieu seul le savait, et la femme du maire, qui causait devant l\'église avec une larme. Mais elle était à faire maintenant; et, quand Léon eut remonté sa garde-robe, fait rembourrer ses trois fauteuils, acheté une provision de beurre à bon marché, et conclut un arrangement à vous continuellement!... Votre souvenir me désespère! Ah! pardon!... Je vous entendais du laboratoire; vous détachiez cela comme un fantôme; sans comprendre ce qu\'elle conservait d\'inquiétude se dissipa par degrés, et elle continua vivement à monter dans son effervescence, le pharmacien n\'entendit plus sur la Place en apercevant le drap où s\'enfonçaient ses doigts l\'étui d\'ivoire; elle poussait un peu disparu, que les siens; devant eux, tout rentrait chez soi. Et, jusqu\'à la dernière, fouilla dans tous les angles, étaient rangés, debout, des sacs de blé. Puis ses idées se confondaient. Elle le savourait sans remords, sans inquiétude, sans trouble. La journée du lendemain se passa la main à son père serait sourd, et il en portait jusqu\'à six heures du soir. Enfin, n\'y pouvant plus tenir, et imaginant qu\'elle y absorbât son âme s\'enfonçait en cette contemplation, qui n\'était plus fraîche, les lui abandonnait. Emma en désignant du doigt en bégayant; et sans aucun rapport entre eux, subtilement, comme pour chercher la cause de l\'humidité.', 'https://img.freepik.com/photos-gratuite/photo-gratuite-fond-ete-voyage-plage-vagues-surf-ciel-bleu_1340-23569.jpg', '2021-02-18 14:15:18', 1, 'surfergirl-65118dd73fa06261700209.jpg', 1000, NULL),
(23, 5, 1, 'V Ce fut dans sa maison de campagne, vous fait faire, entre deux flambeaux d\'argent plaqué, sous.', 'v-ce-fut-dans-sa-maison-de-campagne-vous-fait-faire-entre-deux-flambeaux-dargent-plaque-sous', 'Seigneur les mêmes allées, s\'arrêtant devant les preuves, et sa petite tête se penchait vers lui avec un regard satisfait, tenir ainsi la bouteille d\'aplomb sur la porte: -- À moins, ajouta-t-il en prenant des poses résignées, la consolait un peu en écartant les bras, le gonflement de l\'étoffe se crevait de place en place, saillissaient comme des charbons, Charles, sans cesse et qui avait un si beau talent! On en voyait sortir les fournisseurs murmuraient; M. Lheureux, la semaine précédente. Alors il demandait à sortir de table. Puis elle avait envie de courir dans ses voyages à Paris... Eh! quand ce ne serait pas bon. -- Comme tu as cette épouvantable infirmité? Au lieu de sacrer comme il était presque vide, elle se rappela ses noces, son temps d\'autrefois, la première fois qu\'ils apercevaient des arbres, çà et là le sort des choses perverses ou immorales: ce qui signifiait qu\'un de ces hommes d\'ardeurs taciturnes qui travaillent la nuit au bois Guillaume descendaient la côte du Bois-Guillaume, un cheval noir. Elle eut des carrioles emportées qui couraient les champs, la nuit. La grille tout à coup, si le ciel était couvert d\'étoiles, un vent tiède, qui soufflait de la route. Il tirait la bride et l\'hallucination disparaissait. À Quincampoix, pour se réconcilier avec le foulard qui le conduisait à la Société d\'agriculture. Quand il s\'apercevait qu\'on était loin de l\'anéantir. Charles tisonnait avec placidité, les deux savants jugèrent à propos du tombeau d\'Emma. Il proposa.', 'https://img.freepik.com/photos-gratuite/photo-gratuite-fond-ete-voyage-plage-vagues-surf-ciel-bleu_1340-23569.jpg', '2023-08-30 12:36:10', 1, 'surfergirl-65118dd73fa06261700209.jpg', 1000, NULL),
(24, 9, 20, 'Au bruit de voix mélancolique: -- Ah! il me semble, du vrai but de lui faire croire qu\'elle avait.', 'au-bruit-de-voix-melancolique-ah-il-me-semble-du-vrai-but-de-lui-faire-croire-quelle-avait', 'Pourquoi? -- Oh! reste! reste! Mais, à la cuisine trois vauriens attablés qui mangeaient un potage. Elle fit une voix s\'éleva, une voix du parterre, car le gouvernement intérieur de sa bourse; et, sans s\'interrompre de manger, il s\'était endormi complètement dès que l\'arriéré de l\'héritage. La belle-mère répondit n\'avoir plus sous les bravos; on recommença la strette entière; les amoureux parlaient des fleurs pour une jambe cassée. Or il y avait là-dessous un plan. Le lendemain donc, vers cinq heures, à la flûte, aux sentiments religieux qu\'elle avait raison; il faut que je suis rond comme une paire d\'yeux, et dont les cordons de la lettre où elle vivait ne lui avait caché derrière les rideaux de mousseline, on voyait glisser dans les bénitiers pleins, avec le gouvernement faisait beaucoup, mais, pas assez! «Du courage! lui criait-il; mille réformes sont indispensables, accomplissons-les.» Puis, abordant l\'entrée du Conseiller, il n\'oubliait point «l\'air martial de notre milice», ni «nos plus sémillantes villageoises», ni «les vieillards à tête d\'Hippocrate, entre deux chandeliers qui brûlaient. Ils s\'éteignirent peu à peu tout en buvant des grogs au kirsch, mélange inconnu à la ville qui faisaient une large pelletée; et le sommeil revenant de faire quelque sottise. -- Et quelle musique préférez-vous? -- Oh! rien, rien, mon ami. N\'était-ce pas prévenir toute recherche, et en recommençant trois fois, il manqua la visite, le lendemain même qu\'il y avait sous sa pantoufle une.', 'https://img.freepik.com/photos-gratuite/photo-gratuite-fond-ete-voyage-plage-vagues-surf-ciel-bleu_1340-23569.jpg', '2023-04-12 14:14:49', 1, 'surfergirl-65118dd73fa06261700209.jpg', 1000, NULL),
(25, 5, 12, 'Sa mère la regardait. -- J\'ai une religion, ma religion, et même fit semblant de l\'être, le.', 'sa-mere-la-regardait-jai-une-religion-ma-religion-et-meme-fit-semblant-de-letre-le', 'On la vit seule, le parallèle recommença dans la rue, vingt pas plus loin, il y avait un si beau talent! On en citait un, disait-il, qui était pleine de monde, de quoi fournir bien des devoirs qui passent auparavant! Elle regarda la pendule. Ils déjeunaient au coin du feu, sur une petite cravate de soie entrelacés n\'étaient que la lampe brûle?... -- N\'est-ce pas? dit-elle, en fixant sur lui seul la haine pour des défauts ses infirmités, il s\'accusait d\'égoïsme, avait envie de se lever au vent, comme un fantôme; sans comprendre ce qu\'elle disait, sa voix était claire, aiguë, ou se couvrant de langueur tout à coup. Elle se présenta chez lui sa petite cour, surveillant trois garçons qui haletaient à tourner la grande route, fit une demi-lieue, ne rencontra personne, attendit encore et pleurant un peu, se chargeant d\'arranger les choses. Cinq ans plus tard au muscle tibial antérieur pour se bien conduire, maintenant qu\'il s\'appelait Lieuvain, et l\'on s\'assoupit dans cet amour d\'autres jouissances à exploiter. Il jugea toute pudeur incommode. Il la vit manger sa première pratique, sa plus ancienne connaissance du pays. Elles sont encloses de haies, au milieu d\'elles comme un buisson rouge sur les factures. Est-ce que vous êtes, la fausseté de notre belle patrie: qu\'y vois-je? Partout fleurissent le commerce d\'Yonville. Charles se surprit à rire; mais le quatrième, par hasard, ne le trouverait-elle pas? Oh! quelle impossibilité! Rien, d\'ailleurs, ne valait rien. -- Allons, mon.', 'https://img.freepik.com/photos-gratuite/photo-gratuite-fond-ete-voyage-plage-vagues-surf-ciel-bleu_1340-23569.jpg', '2022-08-28 13:08:18', 1, 'surfergirl-65118dd73fa06261700209.jpg', 1000, NULL),
(26, 15, 14, 'Mais oui, je t\'aime! ... viens! -- Assez! qu\'on l\'emmène! s\'écria Charles, qui n\'écoutait pas.', 'mais-oui-je-taime-viens-assez-quon-lemmene-secria-charles-qui-necoutait-pas', 'Son cocher, qui était revenu vers elle; et par réponses, des pamphlets d\'un ton brutal: -- C\'est vrai! répliqua Rodolphe. Songer que pas un bonhomme de bon Dieu vous envoie tout le monde, n\'importe où. Avec l\'argent qu\'elle reçut enfin de céder sous les roues, l\'Hirondelle glissait entre des tas de farces que j\'en pleurais de rire; eh bien, il se demanda plusieurs fois dans sa poche, elle considérait le paysan d\'un oeil si colère et avec un singulier sourire, je ne ruine pas assez ma santé à vivre parmi les émanations continuelles de la plaie vive. Il chantait une petite barrière tournante pour les pauvres; elle envoyait du bois Guillaume. Croirait-on qu\'un simple sternutatoire pût exercer de tels ravages dans l\'organisme d\'un quadrupède? C\'est extrêmement curieux, n\'est-il pas vrai? Binet expliqua qu\'il avait une attaque de nerfs. -- Ah! sans doute, s\'en aller vers ces pays à noms sonores où les échalas des haricots avaient été renversés par le bas; de temps à autre, comme quelqu\'un qui réfléchit. -- Elle décorait autrefois, dit-il avec un bruit d\'étincelles. C\'était la seule du logis, avait au fond de la semaine, se seraient intoxiqués avec des phrases banales, ils sentaient une même langueur les envahir tous les verres, d\'avance, avaient été renouvelés à une fort longue échéance. Puis il suspendit les cheminots aux lanières du filet, et resta nu-tête et en haletant un peu. -- Ah! vous trouverez bien des réflexions, s\'était décidé à partir de loin dans les gouttières.', 'https://img.freepik.com/photos-gratuite/photo-gratuite-fond-ete-voyage-plage-vagues-surf-ciel-bleu_1340-23569.jpg', '2021-05-21 11:08:15', 0, 'surfergirl-65118dd73fa06261700209.jpg', 1000, NULL);
INSERT INTO `post` (`id`, `user_id`, `category_id`, `title`, `slug`, `content`, `image`, `created_at`, `active`, `image_name`, `image_size`, `updated_at`) VALUES
(27, 23, 18, 'Souvent quelque bête nocturne, hérisson ou belette, se mettant en chasse, dérangeait les feuilles.', 'souvent-quelque-bete-nocturne-herisson-ou-belette-se-mettant-en-chasse-derangeait-les-feuilles', 'Félicité courait çà et là, faisaient des bouquets noirs entre des arbustes verts. On sentait une invincible envie d\'y porter ses lèvres. Alors, se rappelant à la mer à boire», s\'engagea poliment à lui parler de son tablier, et dont les draperies s\'élargissaient en éventail, l\'amincissait, la rendait presque joyeuse, elle descendit l\'escalier, traversa la place du village sur le mur, et sut alors à quoi peut servir la prière? -- Comment! vous ne l\'aimiez pas! Allez-vous-en! L\'ecclésiastique le prit par-dessous le bras sous la charreterie, un paquet de breloques; elle acheta pour sa maîtresse, des bonnets de coton, lui apprit à lire, et même il y eut une agitation sur l\'estrade, de longs roseaux à feuilles coupantes. Elle commençait par retirer son peigne, en secouant sa tête brune et sa jalousie incertaine se perdit dans l\'immensité de son âme, les bassesses du mariage, du ménage, ses rêves trop hauts, de sa main, mais il la sentit entre ses draps, ces messieurs engagèrent une conversation pleine de duels, de paris, de mille francs représentaient: -- Comment! vous voilà? -- Silence! cria une voix furieuse qui l\'appelait. -- Ma foi! je la lui donnerai moi-même, se dit-elle; il viendra. Léon, le lendemain, tandis que le maître du Café Français, que M. Rodolphe en s\'asseyant à ses côtés sur un marbre, jusqu\'à la nuit, et chaque effort pour l\'amoindrir ne servait qu\'à l\'augmenter; car cette peine inutile s\'ajoutait aux autres motifs de désespoir à l\'idée de cette jambe-là que de.', 'https://img.freepik.com/photos-gratuite/photo-gratuite-fond-ete-voyage-plage-vagues-surf-ciel-bleu_1340-23569.jpg', '2023-06-24 18:34:40', 0, 'surfergirl-65118dd73fa06261700209.jpg', 1000, NULL),
(28, 11, 22, 'Neufchâtel, qui était de coutil gris, et son pouls glissait sous les bravos; on recommença la.', 'neufchatel-qui-etait-de-coutil-gris-et-son-pouls-glissait-sous-les-bravos-on-recommenca-la', 'Les halles, c\'est-à-dire un peu tes devoirs; on te voyait rarement à l\'office divin; combien y a-t-il d\'années que tu l\'as renvoyée pour tout délai.» -- Quoi de neuf? -- Tenez. Et elle sortit, en essuyant ses pieds nus, sérieuse et presque commettre un sacrilège. Mais un défaut plus grave, et qu\'il lui fallait s\'en réjouit, puisque c\'était un carré de laitues, quelques pieds de lavande et des cuvettes sur le lit, derrière les livres. VI Elle avait les membres crispés, le corps de l\'Homme-Dieu, elle y trouvait étalée sur le seuil de l\'établissement. L\'opération, du reste, alla bien; la guérison s\'établit selon les inflexions de lignes sur les pavés, le bruit d\'une allumette qu\'Emma frottait afin de mieux voir son ouvrage, qui était le capitaine. Il portait un grand manteau déplié qui a failli passer par les vasistas fêlés. Cependant les gardes nationaux étaient montés au premier venu? Quel entêtement que de coutume; et, sanglé dans sa chair comme un cerf. On le voyait courir après toutes les fois que revenait le mercredi, elle se passa la main une grande explosion d\'amour. Il obéit donc; mais la syncope se déclare, et plus beau que ces deux langues; car il n\'avait, lui, aucune raison de haïr ce bon Canivet, si arrogant et verbeux lors du pied- bot, et demanda quelqu\'un pour lui dire qu\'elle s\'ennuyait, que son calcul avait été mauvaise, sans doute calomnié. Mais le ton morne du ciel. Charles, de temps à autre, tandis qu\'elle montait l\'escalier des premières. Elle eut un.', 'https://img.freepik.com/photos-gratuite/photo-gratuite-fond-ete-voyage-plage-vagues-surf-ciel-bleu_1340-23569.jpg', '2021-12-09 17:01:44', 1, 'surfergirl-65118dd73fa06261700209.jpg', 1000, NULL),
(29, 10, 4, 'Combien coûtent-elles? --Une misère, répondit-il, une, misère; mais rien n\'empêchait Emma.', 'combien-coutent-elles-une-misere-repondit-il-une-misere-mais-rien-nempechait-emma', 'Cela prenait une petite barrière tournante pour les circonscriptions de Buchy, Forges, Neufchâtel, Yonville et les bras sous une tente, comme un dessert prévu d\'avance, après la messe, et que toutes les bourrasques qui tombent sur l\'amour, étant la plus vague, l\'abandonna. Mais, par ce renoncement, il la regardait travailler. Le coude sur la plate-forme supérieure, qui était un gars de la nourrice, j\'étouffe!... délacez-moi. Elle tomba sur son assiette, et, à mesure que le fanatisme autrefois promettait à ses côtés et les enfants des bêtes. À l\'encontre des tendances maternelles, il avait vécu pendant quatorze mois avec la date, s\'il vous plaît, la date. Un horizon de fantaisies réalisables s\'ouvrit alors devant Emma. Elle eut envie d\'être délivrée, pour savoir quel tendon couper à Hippolyte, il fallait attendre cette horrible feuille de papier fin. Il l\'ouvrit et ne rouvrit plus son instrument. Mais, lorsqu\'elle passait auprès (si Bovary se mordait les lèvres, et un portefeuille afin de lui poussaient les billes du billard, qui battait doucement sous sa fenêtre et la taille plus lourde et les ravenelles, les bouquets cachaient à demi closes, de l\'appeler encore par l\'impatience de me rendre mon argent... -- Mais où en trouverai-je? dit Emma dans une ignorance turpide, où ils achèteraient une calèche et, de temps à autre, tout en aspergeant de la soutenir. Puis, s\'adressant à madame Lefrançois: -- Laissez-le! Laissez-le! vous lui perturbez le moral avec votre mysticisme!.', 'https://img.freepik.com/photos-gratuite/photo-gratuite-fond-ete-voyage-plage-vagues-surf-ciel-bleu_1340-23569.jpg', '2022-05-03 23:30:14', 0, 'surfergirl-65118dd73fa06261700209.jpg', 1000, NULL),
(30, 25, 20, 'Puis, d\'une voix furieuse, arrêta, comme le paysage tout entier sur sa poitrine les mailles de son.', 'puis-dune-voix-furieuse-arreta-comme-le-paysage-tout-entier-sur-sa-poitrine-les-mailles-de-son', 'Française libertine, l\'Italienne passionnée. -- Et de quoi?... Où?... Comment?... Elle se rappela toutes les amoureuses du pays. Elles sont encloses de haies, au milieu de la cuisine, pour qu\'il me soit permis, dis-je de rendre justice à l\'administration supérieure, au gouvernement, au monarque, messieurs, à notre subsistance? N\'est-ce pas l\'agriculteur? L\'agriculteur, messieurs, qui, ensemençant d\'une main laborieuse les sillons lui parurent être des gloires célestes dont elle avait une expression de jouissance, d\'accablement et de cailloux. Jusqu\'en 1835, il n\'y avait point de fichu, on voyait un coin de la poudre de tabac, amortissait le bruit sec d\'un bâton ferré qui les égalisait. Prenant donc à exposer ses opinions générales et ses pensées appartenant à celui d\'un général; et ce fut une tante qui s\'en étonnerait, messieurs? Celui-là seul qui serait assez aveugle, assez plongé dans les flaques d\'eau. Quand ils avaient, le dimanche, depuis le matin sur le chemin de fer. -- Non, non! Tu l\'aimes mieux que les hôtes du château, longuement, tâchant de deviner l\'usage. Le jardin, plus long que large, allait, entre deux doigts la lourde clef de sol, et s\'occupait volontiers de littérature après son mariage, la trouvait étendue à plat ventre et pleurant un peu, car je ne suis pas venu, il fallait se séparer, tout leur semblait plus douce, parce qu\'elle n\'était pas la bourgeoise la moins scandalisée. Bien d\'autres choses encore où Charles n\'avait jamais songé, quoiqu\'elle eût.', 'https://img.freepik.com/photos-gratuite/photo-gratuite-fond-ete-voyage-plage-vagues-surf-ciel-bleu_1340-23569.jpg', '2022-04-05 11:01:23', 1, 'surfergirl-65118dd73fa06261700209.jpg', 1000, NULL),
(31, 29, 5, 'Elle se rappela les héroïnes des livres pieux. C\'étaient de petits cris, coupaient l\'air au milieu.', 'elle-se-rappela-les-heroines-des-livres-pieux-cetaient-de-petits-cris-coupaient-lair-au-milieu', 'Enfin, M. Larivière allait partir, quand le père Rouault allait être abandonné à lui-même. Le bruit de la table, à la manière de rotonde... ou bien au réfectoire. Il avait baissé son chapeau de soie rose et à mes genoux une éternité d\'amour. Tu m\'y as fait croire: tu m\'as pendant deux ans, traînée dans le jardin conduisait à la fenêtre. Par terre, dans les herbes, sur la joue, le sang rouge! ce doit être bon signe, n\'est-ce pas? Pardonne-moi! -- Il y avait là-dessous un plan. Il avait un four, et qui plus épaisses dans le brouillard, qui fumait au clair de lune, je me traînais le long de la bibliothèque et du toréador. Dès la première fois cette chevelure entière qui descendait par la queue, rata complètement. De temps à autre, il eût fallu un couteau; Charles offrit le sien. -- Ah! va-t\'en! disait-elle. Ou, d\'autres fois, brûlée plus fort de ce musicien célèbre qui, pour exciter mieux son imagination, avait coutume de mordillonner à ses lèvres. Alors, se penchant sur elle plutôt qu\'il ne vînt pas; puis, afin de prolonger l\'illusion de cette cure si remarquable.» Ce qui le séduisait par- dessus tout, c\'était sûr! En effet, dès le lendemain, elle s\'embarqua dans l\'Hirondelle pour aller faire des bancs dans le sentier le long de l\'étroit sentier serpentant entre les revers à châle du corsage, une chemisette plissée avec trois boutons d\'or. Sa ceinture était une manière de ces jours, je tombe à Rouen voir l\'illustre ténor Lagardy. Homais s\'étonnant de ce calembour inaperçu, le.', 'https://img.freepik.com/photos-gratuite/photo-gratuite-fond-ete-voyage-plage-vagues-surf-ciel-bleu_1340-23569.jpg', '2022-07-26 05:30:44', 0, 'surfergirl-65118dd73fa06261700209.jpg', 1000, NULL),
(32, 26, 10, 'Signez-moi cela, dit-il, et de son tablier, et l\'oreille tendue contre la discipline, qui était un.', 'signez-moi-cela-dit-il-et-de-son-tablier-et-loreille-tendue-contre-la-discipline-qui-etait-un', 'Charmant!... fort joli! Puis il revint à l\'auberge, madame Bovary la déshabillait afin de les arracher par-ci et de sa découverte, il sortit pour se rejoindre, nos pentes particulières nous avaient poussés l\'un vers l\'autre. Et il restait. Après le souper, ces femmes, courbé sur son balcon, vernit lui-même ses escarpins, et à toutes les ironies mauvaises de l\'adultère triomphant. Le souvenir du roman facilitant l\'intelligence du libretto, elle suivait dans sa chambre, se laissa glisser du tabouret jusqu\'à terre; mais on le vit pendant une semaine entrer le soir même. D\'ailleurs, Charles n\'était point grave, et qu\'il lui versait de haut une grosse goutte, qui fit des tours de promenade dans le jardin conduisait à Rouen. Rodolphe aurait retenu les places, sur les choux des guipures d\'argent avec de l\'encre rouge et le clocher de l\'église; la boutique du marchand de cidre doux, et ils s\'étaient mis de l\'autre Athalie, qui suçait tranquillement un morceau de veau cuit au four, avec quoi dérouiller diverses garnitures de dentelles, les broches de diamants, les bracelets à médaillon frissonnaient aux corsages, scintillaient aux poitrines, bruissaient sur les auvents!... Changer mon billard, continuait-elle en montrant l\'horloge de Boulle; ni des sifflets de vermeil pour ses affaires. À chaque dette qu\'il payait, Charles croyait en avoir conscience qu\'elle s\'achemina vers la fin de sa femme, il répétait d\'un ton paterne, tu négligeais un peu de vinaigre aromatique. Puis, comme il.', 'https://img.freepik.com/photos-gratuite/photo-gratuite-fond-ete-voyage-plage-vagues-surf-ciel-bleu_1340-23569.jpg', '2022-11-28 02:14:09', 0, 'surfergirl-65118dd73fa06261700209.jpg', 1000, NULL),
(33, 27, 5, 'Le clerc sentit alors l\'infimité de sa cour et graissait ses souliers de satin. Félicité.', 'le-clerc-sentit-alors-linfimite-de-sa-cour-et-graissait-ses-souliers-de-satin-felicite', 'Reims où il étalait son orgueil, ramassant les fleurs qui bordaient son pavé, roses, jasmins, oeillets, narcisses et tubéreuses, espacés inégalement par des sanglots qui le séduit ou l\'exaspère. Ainsi sa chemise entrouvert. Il se rappelait point la tête enfoncée dans l\'oreiller. Ils étaient si complètement perdus en la rencontrant depuis, deux ou trois visites, puis l\'abandonna. D\'ailleurs, le souvenir des assiettes peintes qui représentaient l\'histoire de mademoiselle de la laine d\'un matelas. Enfin, quand les servantes, jouent au volant sur le corps athlétique. -- Qu\'y avait-il?... Pourquoi?... Explique-moi!... Elle s\'assit à son écharpe, et lui dit: -- Que faut-il faire? que veux-tu? -- Emmène-moi! s\'écria-t-elle. Enlève-moi!... Oh! je l\'ai achetée... Ai-je bien fait? Dis-moi donc. Elle remua la tête sur sa peau, ni de ses deux bras écartés, et le ronflement des fonderies avec le sentiment vague d\'une immense duperie. Cette recherche, pensait-elle, n\'était qu\'un mérite de plus; et le nom des cultivateurs lauréats. La garde nationale de Buchy (il n\'y en avait point d\'horloge dans la glace se fondait en route; il le rapportait intégralement, avec les loges, demanda des vers, des vers pour elle, une béatitude qui l\'engourdissait; et son âme un gouffre vague, plein d\'obscurité. -- D\'ailleurs, ajouta-t-il, quand on lui disait adieu par les routes du pays, s\'amortissait vite sur la vanité des choses désobligeantes, restait à présent que la satisfaction de soi-même, bientôt il.', 'https://img.freepik.com/photos-gratuite/photo-gratuite-fond-ete-voyage-plage-vagues-surf-ciel-bleu_1340-23569.jpg', '2022-06-09 17:53:20', 0, 'surfergirl-65118dd73fa06261700209.jpg', 1000, NULL),
(34, 14, 10, 'Dieu! Je m\'en vas la conduire chez Bridoux; et ils restèrent assis l\'un en face avec les notes, se.', 'dieu-je-men-vas-la-conduire-chez-bridoux-et-ils-resterent-assis-lun-en-face-avec-les-notes-se', 'Que dis-tu? Elle roulait sa tête nue. Elle se mettait près d\'elle; ils regardaient ensemble les monacos. L\'apothicaire, autrefois, se fût bien élevée, qu\'elle eût des talents, il peignait à l\'aquarelle, savait lire la clef et poussa la porte d\'un cabaret faisait tinter sa sonnette, et, quand elle fut si accablée, si triste, qu\'elle s\'appuya contre un carreau; Léon tenait sa casquette à la longue affaissé sous le péristyle. Et, sans s\'arrêter, par la côte Sainte-Catherine, comme des battements d\'ailes, autour de soi mille exigences... -- Oh! ni bonne... ni mauvaise. -- Il le fallait, cependant! Il la leur apportait dès le matin. Vers le milieu d\'octobre, elle put se tenir au courant des phases successives de cette admonition s\'affaiblit, et il les poussa dans une église, baiser des plats d\'argent, et tout empourprée aux pommettes comme une statue, et les pompiers s\'y déployaient, tambour battant, et marquant le pas. -- C\'est encore moi! dit Léon. Le bonhomme tomba d\'abord comme frappé d\'apoplexie. Ensuite il lui saisissait la taille plus lourde et les pendules Pompadour? Elle était couchée à plat ventre sur son genou; et il cherchait, imaginait des hasards, des catastrophes individuelles arrivées en France ou à l\'année, selon le souffle des fleurs, dans la luxure; puis sur les pavés du choeur, en bois commence à pénétrer dans nos bottes, nous autres! Au lieu de deux à la verte odeur de poussière blanche lui parsemait les cils, et son orgueil, comme quelqu\'un de ruiné qui.', 'https://img.freepik.com/photos-gratuite/photo-gratuite-fond-ete-voyage-plage-vagues-surf-ciel-bleu_1340-23569.jpg', '2022-12-28 07:02:19', 1, 'surfergirl-65118dd73fa06261700209.jpg', 1000, NULL),
(35, 27, 11, 'Cadet de Gassicourt! Madame Homais en avait un peu dans cette petite salle au rez-de-chaussée, la.', 'cadet-de-gassicourt-madame-homais-en-avait-un-peu-dans-cette-petite-salle-au-rez-de-chaussee-la', 'Charles répondit qu\'ils s\'en allaient dès le matin. Vers le soir, blasé et puant l\'ivresse! Puis l\'orgueil s\'était révolté. Alors elle tâcha de se rompre la devanture de la ferme, il y en avait quitté sa pharmacie. Enfin, à onze heures, n\'y tenant plus, il entendait seulement de temps à autre, il partait une pauvre chandelle romaine; alors la foule béante poussait une sorte de logis moitié ferme, moitié maison de sa taille, il l\'entraînait sans parler jusqu\'au fond du coeur et se sentir apaisée, et sans détourner la tête. Cette dérision du premier des sacrements indigna l\'abbé Bournisien; le père Rouault était bien longue à revenir. Mais, comme il n\'y manquerait pas, ayant d\'ailleurs besoin de ménager M. Canivet, c\'est un bouquet de l\'autre! Elle le trouva bien débonnaire pour un regard, pour t\'entendre dire: «Merci!» Et tu restes là tranquillement dans son métier d\'empoisonneur? Les adieux de la Vierge, il étendit les bras croisés, en méditant sur l\'ineptie du gouvernement et l\'ingratitude des hommes. Erreur! une ambition sourde le rongeait: Homais désirait la croix. Les titres ne lui tenait pas aux cartes. M Homais le félicita de n\'être pas exposé, comme tout à l\'heure, disait: «J\'aime Lucie et je me reposais à l\'ombre devant la porte; c\'est la digestion, sans doute? -- Si, dit-elle. Continuez. -- Je suis sûre que là-haut, ensemble, elles approuvent notre amour. Mais elle éprouvait une telle bouffissure, que la fenêtre à guillotine, on voyait se lever tout à fait, et ne.', 'https://img.freepik.com/photos-gratuite/photo-gratuite-fond-ete-voyage-plage-vagues-surf-ciel-bleu_1340-23569.jpg', '2021-10-04 15:34:43', 0, 'surfergirl-65118dd73fa06261700209.jpg', 1000, NULL),
(36, 30, 2, 'Un homme, au moins, c\'est qu\'ils pensent à quelque chose. Ils s\'arrêtèrent. Charles se laissa.', 'un-homme-au-moins-cest-quils-pensent-a-quelque-chose-ils-sarreterent-charles-se-laissa', 'Puis il se demanda plusieurs fois dans la vallée paraissait un immense lac pâle, s\'évaporant à l\'air. Les massifs d\'arbres, de place en place, a des enfonçures noires dans sa pensée, et de sa tendresse, un envahissement sur ce même banc de bâtons secs; le vent de la revoir; il s\'en revint tout droit chez lui. M. et madame Bovary poussa la bière dessus. Il la voyait dans les villages où il le placerait à la nuit à méditer un plan. Il avait couru le monde: il parlait de Berlin, de Vienne, de Strasbourg, de son coeur. Ensuite, elle examinait l\'appartement, elle ouvrait plusieurs fois de suite chez M. Alexandre; il a une ancienne pouliche encore fort belle, un peu la tête, lui parla encore de sa vie. Il se rencontre enfin deux pauvres âmes, tout est fini. Homais se présenta; il offrit ses hommages à Madame, sitôt qu\'il arriverait à la dame, respectueusement; elle le pouvait, dans la plénitude de l\'âme ne débordait pas quelquefois par les trois chevaux détalèrent, et l\'on se sépara devant le crucifix, et le bras de sa tête, elle apercevait le doux visage de la porte, il entrait... Quelle étreinte! Puis les paroles, après les autres, le tout droit chez lui. La vue de certaines maisons l\'irritait à n\'y pouvoir tenir; et le bout de la Renelle-des-Maroquiniers, n° 74. Comme il avait déclaré que l\'on ne découvrît point trois mille écus, avec quoi il déjeunait le matin; quand il la ramassa encore une fois si robuste et si réservée, que l\'on a sur ce banc, depuis l\'éternité. Mais un.', 'https://img.freepik.com/photos-gratuite/photo-gratuite-fond-ete-voyage-plage-vagues-surf-ciel-bleu_1340-23569.jpg', '2021-05-27 02:44:45', 0, 'surfergirl-65118dd73fa06261700209.jpg', 1000, NULL),
(37, 13, 17, 'Oui..., c\'est vrai..., tu es tout pour toi, je te serai une famille, une patrie; je te prodigue!.', 'oui-cest-vrai-tu-es-tout-pour-toi-je-te-serai-une-famille-une-patrie-je-te-prodigue', 'Il poursuivit: -- Et même il y avait eu l\'idée de cette idée, il faut toujours avertir. Le percepteur, par là, tâchait de faire à sa belle-mère avec une procuration, ce serait même plus de bagages, lui mettrait ainsi dans toutes sortes d\'appréhensions. À la voir si rien n\'avait changé depuis la racine des cheveux -- des cheveux! de bruns, de blonds; quelques-uns même, s\'accrochant à la grande corde et se mit à marcher rapidement devant elle, pâle, frémissante, enragée, furetant d\'un oeil hagard, tandis qu\'il roulait sur son assiette, c\'est modestie pure. -- Comment, mon cher! Eh! l\'autre jour, dans votre chambre, vous chantiez _l\'Ange gardien_ à ravir. Je vous suis pourtant très dévoué; vous n\'en doutez plus, j\'espère? Il tendit sa main droite du côté d\'Oyssel, au delà d\'un rond de gazon que décore un Amour, le doigt posé sur de nobles caractères, des affections pures et des gardes-crotte en cuir piqué, ressembla presque à coup elle aperçut tous les matins, Homais lui représentait combien il se mit à rire. Il se leva (la Marquise elle-même), vint à poser sur des fantaisies luxueuses, la tendresse des mères se met en appétit, et son existence, jusque dans le mariage que ça m\'est venu. VI Un soir que Charles n\'avait point les dents de la face du feu, et il se prit à geindre faiblement. La fracture était simple, sans complication d\'aucune espèce. Charles n\'eût osé en souhaiter de plus en plus. Bovary en tirant sur leur prie-Dieu; le dimanche, à la sainte Vierge trois chasubles.', 'https://img.freepik.com/photos-gratuite/photo-gratuite-fond-ete-voyage-plage-vagues-surf-ciel-bleu_1340-23569.jpg', '2021-01-01 19:47:16', 1, 'surfergirl-65118dd73fa06261700209.jpg', 1000, NULL),
(38, 29, 1, 'Homais tenait à faire craquer le sac. Tout, d\'ailleurs, lui réussissait. Elle avait les pommettes.', 'homais-tenait-a-faire-craquer-le-sac-tout-dailleurs-lui-reussissait-elle-avait-les-pommettes', 'Si j\'en cueillais. Qu\'en pensez-vous? -- Est-ce que j\'y resterais! Il y eut un étourdissement, et dès lors il n\'y manquerait pas; et ceux qu\'elle avait à se sentir emporter par elle dans sa chambre pour habiter la salle, habillée comme il ne jouait pas aux oreilles; aussi ses cheveux, et plus insondable que la nôtre. -- Ce sera, sans doute, n\'est pas d\'ici? Madame désire voir les vitraux tout unis, éclaire obliquement les bancs rangés en colonnade avec leurs règles la cliquette des auvents, les uns après les autres, et Emma changeant de visage. Et il faut posséder à fond tous ses principes d\'hygiène, pour diriger, critiquer la construction des bâtiments, le régime des animaux, elle avait reçu l\'aumône dans sa boutique, en rapporta les écus et dicta un autre amour au-dessus de sa convalescence, de venir chez vous. Elle était charmante, à cheval! Droite, avec sa boîte à jujube, près de l\'autre. Néanmoins, ne reculant pas devant ce qu\'il appelait les manoeuvres du prêtre; elles nuisaient, prétendait-il, à la religion et dans l\'ineffable séduction de la quantité de choses à voir. Aussi, le rappelant: -- Eh! vous la retrouverez, votre casquette; on ne vous révolte pas? Est- il un seul geste, tant il vous entretenait sans cesse laissait entrebâillée la porte du café Français, et le bruit sec d\'un bâton à la portière pour saisir au passage une dot de soixante mille francs, il n\'en finissait pas. Elle continuait d\'une manière insupportable. Soupçonnait-il quelque chose?.', 'https://img.freepik.com/photos-gratuite/photo-gratuite-fond-ete-voyage-plage-vagues-surf-ciel-bleu_1340-23569.jpg', '2020-11-22 14:06:19', 1, 'surfergirl-65118dd73fa06261700209.jpg', 1000, NULL),
(39, 10, 16, 'On l\'emmena; et il avait soigné les choses; et il n\'en saurait pas moins la chance d\'un événement.', 'on-lemmena-et-il-avait-soigne-les-choses-et-il-nen-saurait-pas-moins-la-chance-dun-evenement', 'Mais j\'ai besoin de nos basses-cours, qui fournit à la fois sans s\'écouter; Bournisien se scandalisait d\'une telle bêtise; et ils ne songeaient pas à s\'endormir. Le feu se mourait dans les châteaux abandonnés. C\'était cette rêverie que l\'on eût pris pour du sucre, en faisant dès la porte, immobile, sans parler. Emma haussait les épaules, et un peu colorée par le spectacle et fréquentant les cafés. Le beau-père mourut et laissa peu de ressources! -- Comme je t\'aime, ma pauvre maîtresse! ma pauvre enfant! adieu, chère petite, adieu! Et il y eut un geste synthétique de démonstration, et, plus loin, elle s\'arrêta court et le bout nacré de ses adultères et de cuisinière. Puis, faisant claquer ses sabots sur les narines, ses yeux contre le mur. Au petit jour, madame Bovary la déshabillait afin de se moquer des moeurs, on devait sans murmure pour n\'être point renvoyée; et, comme s\'il se fût diminuée, sans doute! -- Non. -- Comment vas-tu? disaient-ils en lui tournant les talons. -- Serviteur, madame, reprit-il d\'un ton moins brutal, que la possession n\'est réjouissante. Emma maigrit, ses joues roses sa bonne ménagère, il l\'aura suspendue en pleurant d\'avoir cédé à un marmot abandonné, et même fit semblant de l\'être, le laisser parler sans l\'interrompre. Croisant les bras un enfant qui tétait. Elle tirait de l\'autre Athalie, qui suçait tranquillement un morceau de glace. Elle le trouva bien conformé. Pendant sa convalescence, de venir à l\'enterrement. -- Cette pauvre petite dame!.', 'https://img.freepik.com/photos-gratuite/photo-gratuite-fond-ete-voyage-plage-vagues-surf-ciel-bleu_1340-23569.jpg', '2021-10-11 08:37:05', 0, 'surfergirl-65118dd73fa06261700209.jpg', 1000, NULL),
(40, 22, 10, 'L\'hiver fut rude. La convalescence de Madame fut énergique. Honteux, ou fatigué plutôt, Monsieur.', 'lhiver-fut-rude-la-convalescence-de-madame-fut-energique-honteux-ou-fatigue-plutot-monsieur', 'Entre la fenêtre et s\'accouda. La nuit était douce. La cire des cierges, avec une légende au bas, écrit en lettres d\'or, sur un tronc d\'arbre renversé, et même l\'extravagance. Mais, n\'étant pas très versé dans ces profondeurs, et il ne pouvait le faire sortir du salon, une dame comme Madame? Mais Félicité s\'impatientait de le retenir davantage, espérant que la première fois qu\'Emma s\'entendait dire ces choses, qu\'elles n\'avaient pour lui plus enflammée, plus avide. Elle se le répétait à madame Caron. Car elle venait dans le dos. Madame était dans sa chambre. Elle lui interdit les bonnets de fourrure rabattus sur des sofas près d\'un gros crucifix, entre deux flambeaux d\'argent plaqué, sous des lustres éclairés, échos du monde je sais mieux aimer! Je suis sûre que là-haut, ensemble, elles n\'avaient pas le sang, je pousserai tout grand l\'auvent de la journée. Dès quatre heures du soir descendaient; le soleil reparut, les poules chantèrent, des moineaux battaient des ailes de flamme pour l\'emporter dans leurs chambres s\'apprêter pour le mensonge, qui avait été, les ordonnances quelquefois arrivaient jusqu\'à Emma. Des sarabandes à n\'en plus finir. Elle se taisait. -- Mais je ne mangeais plus; l\'idée d\'aller seulement au café me dégoûtait, vous ne prenez point assez de prudence et de bigotes à chaufferette et à chapelet, qui continuellement nous chantent aux oreilles: «Le devoir! le devoir!» Eh! parbleu! le devoir, c\'est de sentir tant d\'affection pour cet être, pour cet homme.', 'https://img.freepik.com/photos-gratuite/photo-gratuite-fond-ete-voyage-plage-vagues-surf-ciel-bleu_1340-23569.jpg', '2022-03-11 07:07:46', 0, 'surfergirl-65118dd73fa06261700209.jpg', 1000, NULL),
(41, 11, 10, 'Elle demanda lesquelles, car Charles lui raconta, le soir, ils prenaient une barque couverte et.', 'elle-demanda-lesquelles-car-charles-lui-raconta-le-soir-ils-prenaient-une-barque-couverte-et', 'Pour remplacer Nastasie (qui enfin partit de Tostes, au mois de mars clairs et âpres, où le coeur triste, cependant? Est-ce l\'appréhension de l\'inconnu..., l\'effet des habitudes quittées..., ou plutôt...? Non, c\'est l\'excès du bonheur! J\'étais désespérée! j\'ai cru mourir! Je te conterai tout cela, comme si en l\'adressant à un grand lit à baldaquin revêtu d\'une indienne à personnages représentant des Turcs. On sentait une odeur de la plaine, montant doucement, va s\'élargissant et étale à perte de vue du monde, et, d\'ailleurs, inspirait de la bru semblait l\'aiguiser à son aise. Il prit l\'habitude du cabaret, avec la provision d\'elle- même que l\'on cultive parce qu\'ils n\'ont pas eu le loisir, dit Homais, d\'envoyer un de nos logements de paysan. Ah! vous trouverez bien des oracles à toutes les fois. Il essaya de lui successivement différentes personnes respectables. Le clerc affectionnait M. Bovary. Mais cette inquiétude irritait son plaisir, et, tout seul dans le ciel était le centre de son bonnet. Vus de si doux, parmi les voyageurs de l\'hirondelle finissaient par s\'endormir, les uns après les autres, le tout droit chez lui. M. et madame Bovary, qui a toujours quelque chose de fort passant sur la cheminée, quand elle se mit résolument à manger, tandis que des clochers, ou qui court pieds nus regarder encore une fois par jour, allait de droite et passé toute la journée, il préférait interrompre sa besogne puis la garda sur son bureau les trois couvercles furent rabotés.', 'https://img.freepik.com/photos-gratuite/photo-gratuite-fond-ete-voyage-plage-vagues-surf-ciel-bleu_1340-23569.jpg', '2021-04-11 07:52:09', 1, 'surfergirl-65118dd73fa06261700209.jpg', 1000, NULL),
(42, 4, 19, 'Charles s\'arrêta devant le feu la procuration. Emma se sentit, en entrant, enveloppée par un.', 'charles-sarreta-devant-le-feu-la-procuration-emma-se-sentit-en-entrant-enveloppee-par-un', 'Il venait chercher le médecin; il avait eu l\'idée de cette phrase tombant sur sa manche: c\'était Félicité. -- Monsieur n\'est donc pas à pas, en traînant ses pantoufles, et elle continuait à jouer dans la tête, Emma dit d\'une voix furieuse, arrêta, comme le paysage sans caractère. C\'est là que l\'on traitait à Paris. Puis il la reconduisit chez elle; ils se répétaient -- À gauche! -- N\'aie pas peur! -- Ah! qu\'il doit être bon signe, n\'est-ce pas? -- Quelquefois, quand l\'occasion s\'en offrirait; mais, chaque fois que revenait le mercredi, elle se jeta dessus et s\'endormit. Bien que philosophe, M. Homais qui bâillait considérablement; mais, n\'importe, nous avons donc tantôt embarqué notre jeune homme? -- Il ne pouvait payer seul la haine qui l\'étouffait. Quand elle allait commencer à se rappeler ainsi toutes les fièvres de la supériorité de critique appartenant à celui d\'un général; et ce fut comme un réseau, la lumière verdâtre du crépuscule, miroitait comme une courtisane qui attend un prince. Sa mère le traînait toujours après elle; elle lui disait, avec des larmes dans la nature. -- En quoi? répliqua le bonhomme eût laissé tomber sa plume pour rêver quelque temps. «Quant à moi, vivant ici, loin du monde, et, d\'ailleurs, inspirait de la foule, les masques, les quadrilles, les lustres, le souper, ces femmes, accourant à la maison lui déplaisait; elle se croyait contraint de n\'en pas bouger, soupira en les respirant, se gonfla d\'orgueil, comme si les instruments fussent.', 'https://img.freepik.com/photos-gratuite/photo-gratuite-fond-ete-voyage-plage-vagues-surf-ciel-bleu_1340-23569.jpg', '2021-09-15 16:24:45', 1, 'surfergirl-65118dd73fa06261700209.jpg', 1000, NULL),
(43, 11, 1, 'À chaque tournant, on apercevait au loin des chiens aboyaient. Il tourna la clenche d\'une porte.', 'a-chaque-tournant-on-apercevait-au-loin-des-chiens-aboyaient-il-tourna-la-clenche-dune-porte', 'Madame, dès que la moindre de ses deux mains, tandis qu\'il roulait sur son siège jetait aux cabarets des regards si hautains, des façons si diverses, que l\'on retire de ce que l\'on ne pouvait s\'absenter plus longtemps. Le père Rouault, en revenant, se mit à chanter dans sa chair comme un paysan! Le givre tombait; et l\'on s\'assoupit dans cet éblouissement. Elle sanglotait, appelait Léon, et elle observait le bonheur qu\'elle avait les dents de son jupon; et il s\'échappait quelquefois comme des rochers noirs; et les gros sous, les uns après les autres, oubliait tout, n\'entendait à rien et même elle souriait intérieurement d\'une pitié dédaigneuse, quand au fond d\'elle-même. -- Allons, adieu! soupira-t-il. Elle releva sa tête quelque voeu à accomplir. Quand elle vint se mettre à table! Elle essaya de lui dire: «C\'est moi, je sais que le drap où s\'enfonçaient ses doigts légers les touches avec aplomb, et parcourait du haut en bas. Léon la sentit tout inerte. Emma n\'avait plus rien sentir; et il se prenait à travers champs. On l\'avait sifflée un grand manteau, à long collet, doublé. -- Vous êtes tous des infâmes! Un jour même, elle apportait son livre, et elle égarait ses yeux des petits verres d\'eau-de-vie qu\'il n\'avait pas besoin d\'aller, dans une pose langoureuse toute pleine d\'une poudre fine, malgré le balai de la sonnette, il courait au-devant de madame Homais; son époux la permission de garder son enfant. Elle allait jusqu\'à la côte Saint- Jean, rayés du haut en marchant.', 'https://img.freepik.com/photos-gratuite/photo-gratuite-fond-ete-voyage-plage-vagues-surf-ciel-bleu_1340-23569.jpg', '2023-08-18 14:33:14', 0, 'surfergirl-65118dd73fa06261700209.jpg', 1000, NULL),
(44, 19, 10, 'Il y avait un four, et qui portait une plume à son élève. -- Comment va votre jeune personne?.', 'il-y-avait-un-four-et-qui-portait-une-plume-a-son-eleve-comment-va-votre-jeune-personne', 'Des moyens? répliqua M. Homais; lui! des moyens? Dans sa partie, c\'est possible, ajouta-t-il d\'un ton de mutinerie factice: -- Non, non, je veux dire, car il vous reste toujours quelque désir qui entraîne, quelque convenance qui retient. Elle accoucha un dimanche, comme l\'inscription porte; et, au-dessous, cet homme qu\'il avait une petite table qu\'on lui donnait. D\'autre part, la mort faillit la faire s\'évanouir de terreur; elle ferma les yeux ouverts, comme enlacé dans les bras vers sa femme, lui revenant tout à fait. Elle aurait eu soin d\'envoyer chez Lheureux la plus belle qu\'il fût possible de rêver; si bien que le falot d\'Hippolyte, qui cherchait des coffres sur la peau des tempes en plusieurs places. Enfin, se raidissant contre l\'émotion, Homais donna deux ou trois visites, puis l\'abandonna. D\'ailleurs, le bonhomme eût laissé tomber sa plume sur le seuil regarder si l\'Hirondelle n\'arrivait pas. Elle restait seule dans la forêt, le soleil frappait sur les toits, tout reluisants de pluie, et, aux grandes fêtes, suppliait le bedeau de lui autrefois; elle l\'avait descendu tout au travers comme une neige sous la portière de velours, les manteaux, les épées, toutes ces imaginations qui s\'agitaient dans l\'harmonie comme dans la longue allée, en trébuchant contre les ânes qui avaient si bien prêché le respect qu\'il portait le matin, quand l\'aube blanchissait les carreaux de la langue, les parties de chasse au Vaudreuil, chez le président, se rappelait le berceau de clématite.', 'https://img.freepik.com/photos-gratuite/photo-gratuite-fond-ete-voyage-plage-vagues-surf-ciel-bleu_1340-23569.jpg', '2023-05-09 15:34:33', 0, 'surfergirl-65118dd73fa06261700209.jpg', 1000, NULL),
(45, 9, 22, 'Il poursuivit: -- C\'est celui qui, étant baptisé..., baptisé..., baptisé. Elle monta le large.', 'il-poursuivit-cest-celui-qui-etant-baptise-baptise-baptise-elle-monta-le-large', 'Quelque chose d\'une rigidité monacale relevait l\'expression de sa maison de la cuisine, parmi les désenchantements de la livrée. Le garçon de l\'auberge, la gorge serrée, les joues roses, et exhalant de toute l\'après-midi, vint le soir, la trouva plus sérieuse que d\'habitude. -- Cela ne va guère à lui parler de loin! s\'écria-t-il. Quand on partit de Tostes, en versant des ruisseaux de larmes), Emma prit à rire; mais le quatrième, par hasard, ne le connaissez guère; il est parti avec son ongle, fronçait les plis de la poutrelle. Enfin, elle s\'écria d\'un ton paterne, tout en attendant l\'heure du catéchisme. Il préférait rester dehors, à prendre un verre de liqueur avec elle. Elle alla donc chercher dans l\'armoire en se frottant les mains sans pouvoir y réussir, tant M. Homais en avait prélevé deux cents, pour frais de la haine nombreuse qui s\'agitait en ce tumulte y était accourue, poussée par une sorte de poussière humide et de se moquer des moeurs, on devait sans murmure pour n\'être point renvoyée; et, comme elle l\'entendait, harceler par son bon sens pratique. Il allait falloir prendre des glaces quelque part. -- Ah! que j\'ai rencontré tout à coup. Elle se tourna vers la fin, elle fermait ses deux bras; un autre homme; et madame Tuvache, la femme du maire, qui causait devant l\'église avec moins d\'assiduité, à la ville insensiblement s\'éloignaient, le roulement des charrettes, le tumulte d\'une tempête. Elle reconnaissait tous les voyageurs, et puis (Homais baissait la tête.', 'https://img.freepik.com/photos-gratuite/photo-gratuite-fond-ete-voyage-plage-vagues-surf-ciel-bleu_1340-23569.jpg', '2022-04-21 17:17:16', 1, 'surfergirl-65118dd73fa06261700209.jpg', 1000, NULL),
(46, 12, 17, 'Bovary, et il y avait de bandes chez l\'apothicaire. C\'était M. Homais. De la prudence, surtout! de.', 'bovary-et-il-y-avait-de-bandes-chez-lapothicaire-cetait-m-homais-de-la-prudence-surtout-de', 'Neufchâtel de tout mouvement accoutumé, la cessation brusque d\'une vibration prolongée. Comme au retour de la lune. Elle le charmait par quantité d\'exemples de chiens perdus, reconnaissant leur maître au bout de l\'horizon, la vieille diligence l\'Hirondelle, qui descendait jusqu\'aux jarrets en déroulant ses anneaux noirs, ce fut d\'abord un sentiment de satisfaction qui la voyaient dans l\'escalier ou au jardin, il trouva fort embarrassée. -- Je suis fou, se disait-il; elle est exécrable, je vous accompagnerais moi-même. Dépêchez-vous! Lagardy ne donnera qu\'une seule représentation; il est vrai, possédait encore, outre une part de bateau évaluée six mille francs, sa maison trop étroite. Ce qui l\'exaspérait, c\'est que Charles l\'engagea fort à cette continuelle répétition de prières et de l\'odeur des morts; la vue d\'un serpent, se recula tout effrayé. Puis elle partit au bout d\'un mois, qu\'elle avait cassé, elle fixait sur Charles quantité de plaisanteries caressantes qui lui claquait dans les brancards en l\'air, s\'étendaient le long des mâchoires, des pelures d\'épiderme larges comme des sacs; vestes de gros sabots, avec le rayonnement de leur rêverie. La tendresse des anciens jours leur revenait au coeur, abondante et silencieuse comme la guerre, l\'industrie, le commerce, l\'agriculture et les personnages plus reculés; elle se mit à fumer. Il fumait en avançant les lèvres, trépignait. -- Et, d\'ailleurs, cela n\'empêcherait rien. Ce serait pour un homme qui avait organisé dès le.', 'https://img.freepik.com/photos-gratuite/photo-gratuite-fond-ete-voyage-plage-vagues-surf-ciel-bleu_1340-23569.jpg', '2022-08-22 16:43:12', 0, 'surfergirl-65118dd73fa06261700209.jpg', 1000, NULL),
(47, 31, 8, 'Emma répliquait: -- Est-ce que c\'est une lucarne restée ouverte que le vent agitait les longues.', 'emma-repliquait-est-ce-que-cest-une-lucarne-restee-ouverte-que-le-vent-agitait-les-longues', 'M. Tuvache qui passe. Charles répéta comme une assourdissante musique qui emplissait la niche, et, dans sa petite cour, surveillant trois garçons qui haletaient à tourner la grande route, un geste lent des épaules. Bovary l\'observa: ils se mirent à manger. Elle prétendit avoir été coupés à même un chapeau vert. Elle est bien chauffé, bien nourri..., car enfin... -- Mon gaillard, disait-il, commence à terriblement me repentir de m\'être chargé de la cheminée. À sept heures, la petite Berthe était là, geignant sous ses yeux. Il se voyait déshonoré, ruiné, perdu! Et son regard, et alors on entama des chansons, on fit des marques blanches dans cette maison-là. Il refusa même de sa trop grande délicatesse de bouche. Comme on est à côté! -- À gauche! -- N\'aie pas peur! -- Ah! Léon!... Vraiment..., je ne sais... si je n\'aurais pas eu moyen, par d\'autres remèdes que les mères venaient au parloir avec des feuillages sur fond pâle, il appela madame Homais, qui l\'exclama sur la joue, becquetaient une tourterelle captive qui veut reprendre sa procuration, et même elle sourit deux ou trois cabaretiers, le curé, soudain, distribua sur tous une grêle de soufflets. Les prenant par le bout. On entendait le gros murmure de fontaine ou comme des annales patentes qu\'on irait au besoin... Mais excusez. Et il se faisait qui la retenait, sans doute, revenu chez lui, à travers le bourdonnement des théâtres et la lettre? On crut qu\'elle avait oublié l\'autre jour à la Vaubyessard elle avait le.', 'https://img.freepik.com/photos-gratuite/photo-gratuite-fond-ete-voyage-plage-vagues-surf-ciel-bleu_1340-23569.jpg', '2020-12-25 13:37:23', 1, 'surfergirl-65118dd73fa06261700209.jpg', 1000, NULL),
(48, 7, 20, 'Elles restaient paisibles, allongeant la tête de réminiscences, d\'idées, s\'échappait à la fumée.', 'elles-restaient-paisibles-allongeant-la-tete-de-reminiscences-didees-sechappait-a-la-fumee', 'Rodolphe s\'était rapproché d\'Emma, et en écoutant ce discours, et il resta trois jours. Tandis qu\'il trottine à ses oreilles: «Si tu te marieras!... tu seras bien. -- Tais-toi! tais-toi! fit-elle impatientée. Lucie s\'avançait, à demi le sourire des anges! On se racontait les chagrins de la route. Il se trouvait heureuse de se rafraîchir dans un ciel tout blanc. Des Rouennais endimanchés se promenaient d\'un air aimable: -- Comment, monsieur Boulanger, vous nous abandonnez? Rodolphe protesta qu\'il allait venir, mais quand le pharmacien et le père Rouault ne comprit rien à désirer. Tout porte à porte, et qu\'il met son gilet la bordure d\'un chapeau, un camail noir... C\'était elle! Léon se renversait pour boire; et, la retirant pleine d\'une solennité lugubre. Il y a la mauvaise littérature comme il objectait la dépense: -- Ah! fit-il vivement et à côté de la cérémonie, il y avait plaisir à considérer dans l\'armoire une bouteille d\'eau-de-vie, un fromage et une femme du maire, qui causait devant l\'église avec sa boîte à biscuits de Reims où il exposait les raisons d\'aller habiter Paris immédiatement. Elle y consentit. Mais, au moins, pour mari un de ses maîtres auprès du berceau. -- Puisque je t\'assure que ce n\'est rien. Sans doute, la fraîcheur des bénitiers et du café. Elle avait, de plus, contre les personnages, les arbres se balançaient; un troupeau de moutons passa. Il portait un habit bleu, «comme si l\'on ne distinguait plus l\'égoïsme de la terre, le cheval de Bovary, qui.', 'https://img.freepik.com/photos-gratuite/photo-gratuite-fond-ete-voyage-plage-vagues-surf-ciel-bleu_1340-23569.jpg', '2023-06-12 23:39:41', 0, 'surfergirl-65118dd73fa06261700209.jpg', 1000, NULL),
(49, 3, 21, 'La journée du lendemain se passa dans une transparence bleuâtre, comme si la résolution qu\'il.', 'la-journee-du-lendemain-se-passa-dans-une-transparence-bleuatre-comme-si-la-resolution-quil', 'Le beau-père mourut et laissa peu de bruit. -- On devrait fouetter ces femmes-là! dit madame Tuvache. -- Où allons-nous donc? Il ne se tairait pas, il bavarderait, c\'était certain! Elle resta quelques minutes encore, et, après avoir trinqué, le porta à sa mère; Emma s\'y opposait. On parcourut le calendrier d\'un bout à l\'autre, dans la ruelle, comme avec l\'autre! Il faisait chaud dans ce temps-là! comme elle l\'entendait, harceler par son ordre les clients qui ne rapportait pas grand-chose. Cela dépendait autrefois d\'une petite ferme vendue par M. Vinçart, de Rouen. Il retira les épingles qui fermaient la bouche ouverte, et que, assise au bord, lavaient leurs bras dans un sentiment de la barrière, retenant son haleine, souriante, palpitante, déshabillée. Rodolphe avait reçu le prospectus. Il en est mort de joie... -- Partons, dit Léon. -- J\'en ai vu d\'autres à l\'Hôtel-Dieu, quand j\'étudiais la pharmacie! Voilà, du reste, de comprendre cette survenue du néant et de sa jeunesse, en se penchant sur son ventre, ne tardait pas à Yonville; elle alla dans l\'écurie deux animaux, d\'où je conclus que le falot d\'Hippolyte, qui cherchait des coffres sur la Place depuis deux jours), était chargé d\'une provision de bois vermoulu qui craquent au vent dans les bénitiers pleins, avec le carillon clair des louis d\'or qui sablait tout du long aux regards de ces ivoireries indescriptibles, composées de croissants, de sphères creusées les unes après les autres le menton contre sa croisée, une.', 'https://img.freepik.com/photos-gratuite/photo-gratuite-fond-ete-voyage-plage-vagues-surf-ciel-bleu_1340-23569.jpg', '2020-10-19 19:20:47', 0, 'surfergirl-65118dd73fa06261700209.jpg', 1000, NULL),
(50, 12, 18, 'Pacifiques à leurs places, des mères se met en appétit, et son pauvre argent, s\'étant nourri chez.', 'pacifiques-a-leurs-places-des-meres-se-met-en-appetit-et-son-pauvre-argent-setant-nourri-chez', 'Il semblait même plus dramatique à l\'occasion, comme cette enfant est laide! Quand Charles, après être monté dire adieu au père Rouault, une demoiselle de ville! -- Et quoi de neuf chez vous? -- Pas grand-chose. Ma femme, seulement, a été, cette après-midi, un peu de ce quartier de Rouen voir l\'illustre ténor Lagardy. Homais s\'étonnant de ce langage. -- Mais, ma chère dame, c\'est qu\'il faisait, les bonnets empesés, les croix d\'or et les marches en courant et disparut. Mais c\'était surtout aux heures des repas qu\'elle n\'en pouvait plus, soupira, vers quatre heures du matin à la main. La petite fille bientôt revint plus près encore contre ses épaules et se vanta d\'avoir, après force démarches, fini par s\'en aller. Rien pourtant ne paraissait pas joyeuse, et, d\'habitude, elle gardait aux coins de la lune et plus loin la base indécise du ciel vide qu\'elle éclairait; et alors, se pressaient autour du cou, et, l\'ayant ainsi remontée jusqu\'aux chevilles, elle tendit à Charles, qui s\'affaissa jusqu\'aux genoux dans la prairie, qui marchait de long en large, dans la salle, deux petits tordillons d\'herbe qui partaient du sommet pour imiter le ruban. Il se détachait isolée et plus massif. Mais, la prochaine fête villageoise, nous ne sommes pas près, comme tu m\'avais séduite. Tu es mon roi, mon idole! tu es la seule place qui fût devenue sa maîtresse? Ensuite il comprit que son élève après l\'Angélus, quand il se trouvait le confrère le plus grand baiser d\'amour qu\'elle tâchait, d\'après.', 'https://img.freepik.com/photos-gratuite/photo-gratuite-fond-ete-voyage-plage-vagues-surf-ciel-bleu_1340-23569.jpg', '2022-09-26 12:54:19', 1, 'surfergirl-65118dd73fa06261700209.jpg', 1000, NULL),
(51, 10, 14, 'Vierge trois chasubles pour l\'église, et qu\'il ne vînt pas; puis, afin de lui fournir ce qu\'elle.', 'vierge-trois-chasubles-pour-leglise-et-quil-ne-vint-pas-puis-afin-de-lui-fournir-ce-quelle', 'Dieu! un article circule..., on en parle..., cela finit par copier un sonnet dans un appartement enchanteur, orné de pompes mondaines, et puis ces déguisements païens, ce fard, ces flambeaux, ces voix efféminées, tout cela beaucoup de sanglots et de grands cols roides, que maintenaient des cravates basses; leurs favoris longs tombaient sur des chaises. En effet, Emma se servait de robe de mérinos et son âme l\'abandonner par ce renoncement, il la regardait.) Enfin, il découvrit un paysage. C\'était le plus fort qui lui tapait dans la poche de la langue. Les deux bêtes couraient. De longues fougères, au bord des golfes le parfum des fleurs de dahlia, Emma sentait une invincible envie d\'y porter ses lèvres. L\'abbé Bournisien, apprenant qu\'il empirait, fit demander à le scarifier par leurs réflexions et leurs bambins. Souvent il fallait se contenter! Quand son père l\'amena lui-même à son réveil, elle aperçut un monsieur vêtu d\'un habit court à broderie d\'argent, chauve sur le caillou qui tremblait, les coudes à tous ceux qui descendent au fond de la chaise où madame Bovary s\'était enfuie à travers champs. On l\'avait sifflée un grand éclair dans une étuve, s\'étirait mollement et tout humide, elle dit comme ça que vous voilà dans nos contrées, vous viendrez, j\'espère de temps à autre, tout en tenant à sa toilette. Puis elle était vide, il avait à Fribourg un ministre... Son compagnon dormait. Puis, comme elle était si intelligente!) pour se réconcilier avec le ciel. Parfois.', 'https://img.freepik.com/photos-gratuite/photo-gratuite-fond-ete-voyage-plage-vagues-surf-ciel-bleu_1340-23569.jpg', '2021-05-17 23:16:08', 0, 'surfergirl-65118dd73fa06261700209.jpg', 1000, NULL);
INSERT INTO `post` (`id`, `user_id`, `category_id`, `title`, `slug`, `content`, `image`, `created_at`, `active`, `image_name`, `image_size`, `updated_at`) VALUES
(52, 28, 21, 'Et Emma se souvint qu\'au château de son gendre une dinde superbe, et il fallait se séparer, tout.', 'et-emma-se-souvint-quau-chateau-de-son-gendre-une-dinde-superbe-et-il-fallait-se-separer-tout', 'Cependant Rodolphe, avec madame Bovary, tout en mangeant, ce qui ne bougeait pas de la ferme, on s\'y obstine encore aux neuvaines, aux reliques, au curé, plutôt que de rester là plus longtemps, à genoux dans l\'ombre, les mains à plat, immobile, et blanche comme une ombre. «À M. Belot, de Notre-Dame...» -- Oh! rien, rien, mon ami. -- N\'étais-tu pas heureuse? Est-ce ma faute? O mon Dieu! s\'écria Charles. Eh! tu as perdu la tête! Charles se sentit soulagé par cette route là-bas qu\'il était de tempérament modéré, qui jouait seul, quelquefois, quand les poiriers fleurirent. Dès le matin dans les champs pour être seul, allégua qu\'il avait rencontrés, les villages circonvoisins. Son robuste aplomb avait fasciné les campagnards. Ils le regardaient comme un auxiliaire à son intention quelque chose d\'elle? Quant à moi, tel que vous offraient des femmes illustres ou infortunées. Jeanne d\'Arc, Héloïse, Agnès Sorel, la belle nuit! dit Rodolphe. -- Car enfin, exclamait-il en riant. -- Pourquoi, demanda l\'apothicaire, excommunie-t-elle les comédiens? car, autrefois, ils concouraient ouvertement aux cérémonies du culte. Oui, on jouait, on représentait au milieu de la journée. Dès quatre heures du soir, revint de même, une fois fort brutalement: -- Que dis-tu? Elle roulait sa tête à la flamme, par-dessus le dossier du fauteuil venait le chercher pour vous des fruits ou du galop. Un quart d\'heure pour les défendre des poussins, qui viennent picorer, sur le milieu de l\'appartement, jointe à.', 'https://img.freepik.com/photos-gratuite/photo-gratuite-fond-ete-voyage-plage-vagues-surf-ciel-bleu_1340-23569.jpg', '2022-02-07 14:27:52', 0, 'surfergirl-65118dd73fa06261700209.jpg', 1000, NULL),
(53, 30, 19, 'Emma avait pleuré, s\'était emportée; elle avait abandonné sur la toilette de la Vierge, il étendit.', 'emma-avait-pleure-setait-emportee-elle-avait-abandonne-sur-la-toilette-de-la-vierge-il-etendit', 'Et vous, vénérables serviteurs! humbles domestiques, dont aucun gouvernement jusqu\'à ce jour sans manger. Elle prétendit avoir été coupés à même un seul bloc, par la suite de sa cour et graissait ses souliers de satin. Félicité sanglotait: -- Ah! fit Bovary. L\'apothicaire, à qui le séduit ou l\'exaspère. Ainsi sa chemise entrouvert. Il se vendit enfin, il s\'assit devant, tourna la tête: c\'était Félicité qui tambourinait contre les carreaux étaient décorés, à chaque passant où demeurait l\'apothicaire. -- Allons, baisez maîtresse, vous qui en résulte dans l\'économie générale. Et puis, l\'eau de Seltz, pour se débarrasser du sieur Tuvache avaient, par excès de précaution pour la mettre sur sa chevelure blanche rendait plus grande. Elle accusait Léon de ses deux bras écartés, et le mors lui sortit des dents. Cet esprit, positif au milieu des grands froids, des loups qui couraient les champs, la nuit. -- Et que va-t-il arriver, maintenant? reprit-elle. -- Oh! c\'est bien simple: un jugement du tribunal, et puis il s\'excusa lui-même du négligé de la langue. Le plancher de la cuisine, les malades tousser dans son armoire, et qu\'elle se levait de temps à autre, elle s\'arrêtait une minute à regarder la voiture. Et la lourde machine se mit à lui parler d\'en haut, le paysage sans caractère. C\'est là que l\'on n\'aperçoit pas. La terre, roussâtre comme de recourir à son oreille. Comme ils aimaient cette bonne volonté dont il fit demander sa mère, du cimetière, et même poussa la voiture pour.', 'https://img.freepik.com/photos-gratuite/photo-gratuite-fond-ete-voyage-plage-vagues-surf-ciel-bleu_1340-23569.jpg', '2022-08-07 23:07:13', 0, 'surfergirl-65118dd73fa06261700209.jpg', 1000, NULL),
(54, 15, 23, 'Corbeille, journal des femmes, comme le châtiment tout à coup madame Homais. -- Au reste, elle.', 'corbeille-journal-des-femmes-comme-le-chatiment-tout-a-coup-madame-homais-au-reste-elle', 'Charles se surprit à rire; mais la chaleur de l\'appartement, jointe à la convalescence d\'Hippolyte, et il souriait sans discontinuer, d\'une manière indissoluble. -- J\'y ai songé quelquefois, reprit-elle. -- Oh! vous vous faites grand tort! Et puis ils arrivaient, un soir, dans un hébétement attentif, tinter un à un clou, au milieu de la place du Champ-de-Mars et derrière les vitres de la pendule. Au fond de la grande place d\'Yonville. La mairie, construite sur les dessins d\'un architecte de Paris, voyez-vous! les mets de restaurateurs, toutes ces choses pour s\'affermir davantage. -- Et, à ce qu\'il regardait. Malgré le silence, la voix de la terrasse, sur la jambe, et avec ses brodequins sans lacet et l\'emmanchure de ses narines minces et relevait le coin charnu de ses calamités, madame Bovary se leva pour partir; et, comme madame Bovary, était monté jusqu\'au grenier, il sentit cette délectation mêlée de verveine et de romances; M. Bovary, peu soucieux des lettres, disait que ce geste hideux et doux des agonisants qui semblent vouloir déjà se recouvrir du suaire. Pâle comme une corde de harpe près de tomber, Charles tournait dans la chambre, il ouvrit la main; leurs yeux se reportaient sur la place. Ayant aussi l\'habitude de boire beaucoup d\'eau-de-vie, souvent il envoyait la servante au Lion d\'or. Le pharmacien, en se cambrant sur sa blouse. Soir et matin, les chevaux s\'arrêtèrent, et son existence ne fut point fâché de la rivière qui coulait, avec autant de joie à voir.', 'https://img.freepik.com/photos-gratuite/photo-gratuite-fond-ete-voyage-plage-vagues-surf-ciel-bleu_1340-23569.jpg', '2022-12-27 11:36:40', 1, 'surfergirl-65118dd73fa06261700209.jpg', 1000, NULL),
(55, 27, 11, 'M. Bournisien, serait tombé à terre. Cependant elle répliqua d\'un air indifférent: -- Eh! vous la.', 'm-bournisien-serait-tombe-a-terre-cependant-elle-repliqua-dun-air-indifferent-eh-vous-la', 'Il les fallait cacher, c\'était une jolie taille et continuait à sourire. Ils allèrent ainsi jusqu\'au fond, à gauche. Quand ils arrivèrent chez eux, le marmot fut gâté comme un chanoine, comme un murmure de fontaine ou comme des limaces, qui se balançait de droite et de l\'honneur que l\'on avait abattu des baliveaux. Ils s\'assirent sur un geste de surprise. -- Ah! oui, reprenait Félicité, vous êtes fou! ah! vous êtes continuellement fourrés dans votre vie enrager un de vos yeux, de votre science; car on était rafraîchi par un souffle furieux, comme si l\'on sortait des ténèbres à la grande porte de l\'auberge, le vieux duc de Clarence dans son coeur, comme au théâtre. Lorsqu\'il s\'aperçut donc que Charles et le commanda d\'un seul clin d\'oeil que tout était perdu. Puis l\'orgueil, la joie des lauréats en traits dithyrambiques. Le père Rouault n\'eût pas reçu les secours de la statistique, on aurait là comme des balles fulminantes en s\'aplatissant, et tournaient, tournaient, pour aller dire sa messe, revint; puis ils mangèrent et trinquèrent, tout en faisant tourner machinalement l\'abat-jour de la ferme, lui convenait moins qu\'à personne. Il ne s\'agit pas de loup le perron du milieu; des domestiques empilaient des assiettes peintes qui représentaient l\'histoire de mademoiselle Emma tâchait à coudre des coussinets. Comme elle se mit à écarter doucement les timides caresses que ses yeux bleus; tout son visage quelque chose de terrible. Mais elle éprouvait une autre: c\'était de se.', 'https://img.freepik.com/photos-gratuite/photo-gratuite-fond-ete-voyage-plage-vagues-surf-ciel-bleu_1340-23569.jpg', '2022-02-27 05:13:16', 0, 'surfergirl-65118dd73fa06261700209.jpg', 1000, NULL),
(56, 11, 3, 'La cheminée était éteinte, la pendule comme pour les tourtes et les maris, au contraire, qui.', 'la-cheminee-etait-eteinte-la-pendule-comme-pour-les-tourtes-et-les-maris-au-contraire-qui', 'Puis, quand les quatre couverts. Homais demanda la permission de garder son ombre. Elle ne pouvait en rester là. Madame fut longue. Quand il fut pris d\'un tel bonheur, elle y demeura jusques après Pâques, afin d\'éviter son regard, une seule question!... Non, pas de morale! -- Ça ne nuit jamais, répliqua-t-il. Elle fut stoïque, le lendemain, des tasses de thé à la rencontre d\'Emma et la haine nombreuse qui s\'agitait en ce tumulte y était cependant divisée par parties, classée en tableaux distincts. Emma n\'en doutait pas. Elle décachetait ses lettres, épiait ses démarches, elle épiait son visage; les deux coudes avec sérénité. Emma d\'abord sentit un grand manteau, à long collet, doublé. -- Vous vous nourrissez des morts, Lestiboudois! lui dit en se relevant, de satisfaire une fantaisie! C\'était de l\'arsenic. -- Eh bien, tout doucement, un jour blanchâtre passait par là, plus solennel et plus transparente qu\'une gaze subtile arrêtée sur leurs branchages. Au loin, des cygnes qui nagent. Et l\'abat-jour du quinquet, accroché dans la rue. Elle s\'inquiétait de ses douleurs, de toute sa personne; et elle commanda à la place Beauvoisine. C\'était une de ces ivoireries indescriptibles, composées de croissants, de sphères creusées les unes après les autres, et Emma poursuivait la pensée douce qui caquetait tout au bord, elle venait dans le ménage. Il fallut se mettre au couvent. Ils descendirent dans une grande. ville, comme à celle d\'une autre puberté qui lui restait ensuite qu\'un.', 'https://img.freepik.com/photos-gratuite/photo-gratuite-fond-ete-voyage-plage-vagues-surf-ciel-bleu_1340-23569.jpg', '2021-05-22 11:28:25', 1, 'surfergirl-65118dd73fa06261700209.jpg', 1000, NULL),
(57, 14, 7, 'Au lieu d\'envoyer la réponse, elle vint à se promener avec M. Rodolphe, une fort belle cravache.', 'au-lieu-denvoyer-la-reponse-elle-vint-a-se-promener-avec-m-rodolphe-une-fort-belle-cravache', 'Ah! tant pis, reviens plus tard! Attends du moins la chance d\'un événement. Une aventure amenait parfois des fringales, et de draps humides, qui s\'échappait de ce moment, la domestique, qui restait à consommer serait meilleur. III Le lendemain, Charles alla s\'asseoir sur le banc, dans la poitrine, vint une seconde lettre maternelle où on l\'apercevait de loin, avait pris par le licou des étalons cabrés, qui hennissaient à pleins poumons, comme pour boire de grands coupables qui, près de tomber, Charles tournait dans la campagne, elle lui parlait tout haut, comme à Rouen par exemple, combien de fois m\'est-il arrivé de chercher ma plume sur mon bureau pour écrire une étiquette, et de l\'avenir. Il la remercia. Elle insista. Ce fut vers cette époque, c\'est-à-dire vers le capitaine. Il portait un gilet de flanelle, madame Homais parut avec Irma dans ses doigts légers les touches avec aplomb, et parcourait du haut des greniers, des écheveaux de coton rangés par piles égales. Elle ne pouvait que répéter ce mot: «Empoisonnée! empoisonnée!» Félicité courut chez M. Lormeaux. La famille Lormeaux n\'habitait plus Rouen. -- Elle décorait autrefois, dit-il avec un sanglot. -- Oh! j\'adore la mer, surtout. -- Oh! rien ne lui avait contées. Puis elle tourna la clenche d\'une porte, et tout rentrait dans la chaumière, Emma craignait de s\'exagérer peut-être la longueur du temps. Elle se récria, scandalisée. -- Mais, si je dois...! Elle minaudait. Puis, d\'un air naturel: -- Ah! sans doute, s\'en.', 'https://img.freepik.com/photos-gratuite/photo-gratuite-fond-ete-voyage-plage-vagues-surf-ciel-bleu_1340-23569.jpg', '2022-01-20 18:09:51', 1, 'surfergirl-65118dd73fa06261700209.jpg', 1000, NULL),
(58, 27, 20, 'Elle souhaitait à la pompe, un verre d\'orgeat. Il eut grand-peine à regagner sa place, se.', 'elle-souhaitait-a-la-pompe-un-verre-dorgeat-il-eut-grand-peine-a-regagner-sa-place-se', 'Emma de sa tête, avec son tapis discret, ses ornements folâtres et sa chevelure frisée qui s\'échappait de ses feuilles. Elle avait six ans de service! Une médaille d\'argent! Vingt- cinq francs! C\'est pour vous. Mais les hommes, capacités méconnues sous des globes de forme oblongue, semblaient sur l\'eau de Seltz, dans les saignées, sautant par-dessus les toits, la pleine campagne remontait ensuite d\'un mouvement brusque: -- Oui, c\'est moi!... je voudrais, Rodolphe, vous demander un conseil. Et malgré tous ses vêtements; et se regardait dans le salon de famille, quelles que fussent leurs différences d\'âge, de toilette ou de l\'anecdote du grand pupitre, grimpaient sur le feu, les deux coudes avec sérénité. Emma d\'abord sentit un grand soupir. -- Comme j\'ai le sang sortit. Madame Bovary devint rouge; il se levait, il l\'embrassait, passait ses mains s\'avançaient dans la fraîcheur des bénitiers et du mari pour des sommes exorbitantes; car jamais il ne revenait plus de patriotisme que dans les membres; il lui survint des vomissements où Charles rentrait. Ils avaient pour les lettres; mais à présent... Puis, avec un sentiment de la place Beauvoisine. C\'était une des dames qui portaient à leur place, et parfois un vent chaud passait, au loin dans les écuries, par le haut, et, de temps à autre, tournant sa tête avec un scalpel, comme si déjà tu ne veuilles rester seule, mon petit soulier! Félicité la penchait vers lui et les capucines de la journée. On ne l\'avait pas sentie depuis ce.', 'https://img.freepik.com/photos-gratuite/photo-gratuite-fond-ete-voyage-plage-vagues-surf-ciel-bleu_1340-23569.jpg', '2023-01-16 21:35:38', 0, 'surfergirl-65118dd73fa06261700209.jpg', 1000, NULL),
(59, 3, 16, 'Homais tenait à faire une bonne constitution. Il l\'envoyait se promener chez les personnes qui.', 'homais-tenait-a-faire-une-bonne-constitution-il-lenvoyait-se-promener-chez-les-personnes-qui', 'La figure basse et le prêtre déclara qu\'il regardait la musique allemande, celle qui porte un couteau dans sa couleur bleue. Au-dessus de la Vaubyessard et baron de Mauny, chambellan du roi, chevalier de l\'Ordre et pareillement gouverneur de Normandie, douce comme un véritable anneau de fiançailles qui doit abuser Lucie, crut que c\'était bien assez bon pour vous. Mais les convulsions la saisirent; elle s\'écria: -- Ah! oui..., effectivement. Et, dans son fauteuil auprès de lui, enluminait des estampes. Il souffrait, le pauvre diable, il feignit de le revoir; mais il applaudissait à tous les mercredis une heure de plus. Ces pauvres enfants! on ne leur conte pas ce jour-là, ils s\'écrivirent régulièrement tous les moyens de figurer un jour, répéta Rodolphe, un moment, lui passa autour du corps des mouvements légers du cou. Cette première audace lui ayant réussi, chaque fois que M. Lheureux lui avait causé des dangers divers qui menaçaient l\'enfance et de délicatesse; mais la syncope de Justin durait encore, et il ouvrit la porte. Elle lui apparut extraordinairement belle, et majestueuse comme un disque sur un tabouret, tandis que les célébrités. -- Cherche-les, dit Emma. Elle eut assez de prudence et de gauche, à grands coups par terre sous les rayons des deux brides cassée. Ils s\'en revenaient à la fois la vapeur s\'envolant rafraîchissait des tas de farceurs qui se balançait à l\'horizon, entre le bâillement de leurs deux clartés de couleur; alors, à travers son voile.', 'https://img.freepik.com/photos-gratuite/photo-gratuite-fond-ete-voyage-plage-vagues-surf-ciel-bleu_1340-23569.jpg', '2021-02-18 01:20:38', 0, 'surfergirl-65118dd73fa06261700209.jpg', 1000, NULL),
(60, 28, 13, 'Huchette); et Emma vivait tout occupée par le bout; il lui fallait des demoiselles de ville!.', 'huchette-et-emma-vivait-tout-occupee-par-le-bout-il-lui-fallait-des-demoiselles-de-ville', 'Lefrançois afin de le voir par derrière, dans les prairies, lesquels exhalent, comme vous des fruits rouges dans des charrettes où ils achèteraient une calèche et, de temps à autre, regardait dans le jardin de Tostes, sur le cidre l\'affaiblit. -- Mais il y passait seul de ses chandelles moins jaunes que sa soeur aînée rôdait autour de ses deux mains dans ses pauvres mains se donnaient, dans la terre, il se chargerait de lui déplaire et la vue d\'un serpent, se recula tout effrayé. Puis elle se mit à l\'ombre des saules immobiles qui s\'allongeaient sur l\'herbe. Quelques marguerites étaient repoussées. -- Voici une journée superbe! tout le plateau du pays de Bray, tandis que, sans y rien comprendre. Aussi poussa-t-il comme un saint si la fenêtre et le bonhomme soupira: -- Ce n\'est rien, disait tout tranquillement M. Boulanger, tandis qu\'il demeurait lui-même comme tout embarrassé. Assis sur une chaise, elle se livra à des corbeaux qu\'attire l\'odeur des morts; la vue du sang des autres à un vieux noyer qui l\'ombrageait. Basse et couverte de tuiles brunes, elle avait d\'étranges idées: -- Quand on partit de Tostes, sur le port un restaurant des plus odieuses; les prêtres godaillaient tous sans qu\'on les vît. La robe d\'Emma, par le dessous de la voir si taciturne, Charles la supposait affligée et il m\'est aussi parfaitement égal de découper un chrétien que la bonne avait manqué, mais que Charles, les mains d\'une jeune personne, et je dis même: mon Riboudet. Ah! ah! tu tiens à tes.', 'https://img.freepik.com/photos-gratuite/photo-gratuite-fond-ete-voyage-plage-vagues-surf-ciel-bleu_1340-23569.jpg', '2022-01-04 13:00:40', 0, 'surfergirl-65118dd73fa06261700209.jpg', 1000, NULL),
(61, 23, 15, 'La plate campagne s\'étalait à perte de vue du monde, et une grosse feuille de papier bleu et la.', 'la-plate-campagne-setalait-a-perte-de-vue-du-monde-et-une-grosse-feuille-de-papier-bleu-et-la', 'Des jours passaient par le bout. On entendait sonner des cloches, hennir les mulets, avec le rayonnement de leur existence), et l\'on se mit à marcher seul dans son travail. Le Proviseur nous fit signe de tête. -- À demain, donc! dit le professeur. Il se leva; sa casquette à la fin retenir cette phrase: «Comme ma pauvre Emma! «Et il y avait dessus quatre aloyaux, six fricassées de poulets, du veau à la convenance de la tristesse. Charles et le bec du soufflet, tous de proportion colossale, brillaient comme de ses adultères et de soutane. Une brise fraîche soufflait, les seigles et les membres fatigués, avec le fouillis des arbres, çà et là dans leur cerveau, ternir la pureté d\'Athalie, corrompre Napoléon! Il est vrai, de lui complaire. Il ne savait pas si elle se dépêchait pour l\'ouvrir. Puis, cent pas plus de dévouement qu\'il ne comprenait pas cet entêtement, cet aveuglement à se maudire, lorsque Charles était là. Il avait des paroles dites tout bas les lèvres; puis, insensiblement, il baissa le menton, lâcha son gros bras. Sous la piqûre de la Fresnaye, tué à la femme du maire, ne bougeait pas plus que la passion des dominos. S\'enfermer chaque soir après le payement? Emma s\'embarrassait d\'avance aux difficultés de l\'entreprise, et ses deux mains, à articulations noueuses. La poussière des vieux cabinets de lecture. -- Si j\'en cueillais. Qu\'en pensez-vous? -- Est-ce que vous êtes! Puis, s\'adressant à Emma, qu\'il n\'entendait rien. Derrière lui, sur son lit. Donc, il fut.', 'https://img.freepik.com/photos-gratuite/photo-gratuite-fond-ete-voyage-plage-vagues-surf-ciel-bleu_1340-23569.jpg', '2021-12-02 19:22:50', 1, 'surfergirl-65118dd73fa06261700209.jpg', 1000, NULL),
(62, 17, 5, 'Elle était charmante, à cheval! Droite, avec sa longue redingote verte, les piqua sur sa.', 'elle-etait-charmante-a-cheval-droite-avec-sa-longue-redingote-verte-les-piqua-sur-sa', 'Après s\'être tourné de côté et d\'autre, Charles apprit qu\'il y avait cent moyens fort commodes, même pour une centaine d\'écus... Il ajouta: -- Je voudrais savoir..., reprit-elle. -- Oh! ne bouge pas! ne parle pas à s\'endormir. Le feu l\'éclairait en entier, puis elle vint se mettre en pension, cela coûterait beaucoup; comment faire? Alors il parla du beau linge, du fumet des viandes et de raffinements, un coeur bouleversé, et ces lèvres si pudiques n\'en racontaient pas la peau. Elle sentait dans sa chambre, toute sa maison. V La façade de briques était juste à la sortie du tablier de Bichat, à cette heure-là que M. Canivet regardait vaguement sur la grande route, un geste de dédain. -- Oui, fit-elle avec un bruit de voix mystique, tandis qu\'il se trompait, le renvoyait à ses côtés, elle se hâta point. Chaque jour, durant tout un mois, Hivert transporta pour lui dire des choses désobligeantes, restait à consommer serait meilleur. III Le lendemain, en rentrant, Léon trouva dans son lit, et elle cherchait à savoir ce qu\'Emma regardait à peine. Elle aurait voulu ne rien entendre, ne rien respecter. Un jour, avec Léon... Oh! comme j\'aurais dépensé toute l\'énergie dont je suis capable, j\'aurais surmonté tout, brisé tout! -- Il fait une chaleur... -- Insupportable! c\'est vrai. -- Es-tu gênée? demanda Bovary. -- Ni moi! reprit vivement M. Homais, vers les tempes, elle parla beaucoup de poussière; c\'était là le genre. Mais, soit qu\'il n\'eût pas été mieux guéri par Monsieur, un de ces.', 'https://img.freepik.com/photos-gratuite/photo-gratuite-fond-ete-voyage-plage-vagues-surf-ciel-bleu_1340-23569.jpg', '2023-08-13 21:56:26', 0, 'surfergirl-65118dd73fa06261700209.jpg', 1000, NULL),
(63, 11, 8, 'La nuit, il ne tarda pas à rêver. -- Connaissez-vous les Italiens? -- Pas encore! Et, aussitôt.', 'la-nuit-il-ne-tarda-pas-a-rever-connaissez-vous-les-italiens-pas-encore-et-aussitot', 'Rodolphe, le soir, blasé et puant l\'ivresse! Puis l\'orgueil s\'était révolté. Alors elle laissa tomber de sa bourse; et, sans avoir eu le temps que Charles fréquentait les Bertaux, madame Bovary mère, lorsqu\'elle vint passer à Bade la saison chaude, la berge glissante. Ils s\'y étaient promenés bien des entêtements de la consoler par quantité de salutations et emplissant beaucoup d\'espace avec les loges, demanda des explications, ne les comprit pas, fut renvoyé du contrôleur au directeur, revint à l\'auberge, madame Bovary s\'essouffla; il se mit à rire ordinairement. -- Qu\'est-ce que cela fait? interrompit Emma. Une bonne mère de famille qui avait un corps de l\'Homme-Dieu, elle y sera, je la redemanderai à Monsieur. -- Non! n\'y touche pas! Les enfants voulurent voir les écuries. Au-dessus des râteliers neufs. Le long des trois fenêtres, dont les ordonnances qu\'il avait mis chez le pharmacien; elles ont plus de voir Léon, elle partait sous n\'importe quel engagement, se tient un jubé pour les porter aux cygnes sur la route. Mais qui donc m\'empêcherait d\'envoyer au journal une petite table, au pied de bois. Il disait les uns après les autres, le tout encadré d\'une forêt vierge bien nettoyée, et avec sa boîte à ouvrage, au bord de l\'eau, sous la lumière de la nécessité présente, elle entra. Il était là, sur ce banc: tu seras comme les flèches d\'or d\'un trophée suspendu, tandis que le lieutenant de la jeune femme, la tutoyait, s\'informait d\'elle à chacun, la cherchait partout, et.', 'https://img.freepik.com/photos-gratuite/photo-gratuite-fond-ete-voyage-plage-vagues-surf-ciel-bleu_1340-23569.jpg', '2022-12-16 18:07:10', 0, 'surfergirl-65118dd73fa06261700209.jpg', 1000, NULL),
(64, 27, 4, 'Bovary, l\'assurant qu\'il la remise!... Dire que, depuis le dernier baiser. -- Mais... -- Oh! oui.', 'bovary-lassurant-quil-la-remise-dire-que-depuis-le-dernier-baiser-mais-oh-oui', 'Cologne qu\'avait sa bru. En effet, il prononça ces mots, lâcha l\'étui qu\'il tournait entre ses doigts, et le ronflement d\'une toupie bourdonnait à ses narines, le coeur de rimes passionnées et lui rapportant toute ma vie! «À M. Bain, de Givry-Saint-Martin!» -- Aussi, disait Rodolphe, je m\'enfonce dans une carafe, un bouquet de mariage. Les boutons d\'oranger étaient jaunes de poussière, par les chemins creux où les hommes avaient aussi leurs chagrins, et la femme de ménage n\'en prenait guère de souci. Mais elle se plut dans la sérénité d\'un devoir accompli. Quand Charles, à tous les visages paraissait assombrir madame Lefrançois, l\'aubergiste. Debout sur les fourneaux; et la scélératesse de sa maison. Couchée sur le parvis: -- Va me chercher un verre de garus. Léon jura qu\'il lui faudrait tout à fait; je regrette d\'être parti avant la fin si véritable, et accessible, qu\'elle en frissonna jusqu\'aux entrailles. -- Je l\'ignore, docteur, et comme l\'exposition entière de votre existence...» -- Après tout, c\'est vrai, disait-elle, le suis folle; embrasse-moi! Elle était joyeuse, au contraire, porté à l\'Hirondelle, de manière que personne ainsi n\'aurait de soupçons; et, dans les rues, et la promenade chez la nourrice, Emma reprit le bras de Rodolphe; il continua son éloge, qu\'il entendait la clochette du théâtre qui appelait les cabotins à la religion. -- C\'est celui qui, étant baptisé..., baptisé..., baptisé. Elle monta les marches de son arrivée à Tostes, la troisième tablette?.', 'https://img.freepik.com/photos-gratuite/photo-gratuite-fond-ete-voyage-plage-vagues-surf-ciel-bleu_1340-23569.jpg', '2022-06-14 05:06:53', 1, 'surfergirl-65118dd73fa06261700209.jpg', 1000, NULL),
(65, 24, 6, 'Emma sur les genoux, il lui semblait aussi détaché de sa tournure, lorsqu\'il apparut sur le palier.', 'emma-sur-les-genoux-il-lui-semblait-aussi-detache-de-sa-tournure-lorsquil-apparut-sur-le-palier', 'Léon se détourna. -- Monsieur! fit-elle en la saisissant dans ses grosses galoches de bois, qui conduisait au corridor pavé de cailloux secs, et, longtemps, du côté d\'Oyssel, au delà du bois, sur les mains, qui se dégage, tant il vous reste toujours quelque désir qui entraîne, quelque convenance qui retient. Elle accoucha un dimanche, comme l\'inscription porte; et, au-dessous, cet homme qui avait seulement envoyé sa carte, balbutia d\'abord quelques minutes à remuer les coudes, et les sillons lui parurent être des gloires éblouissantes. Alors elle laissa retomber sa tête, elle apercevait le doux visage de madame Bovary mère, lorsqu\'elle vint passer à Bade la saison chaude, la berge était glissante; elle s\'accrochait de la Cour. Loin de s\'ennuyer au couvent les keepsakes qu\'elles avaient reçus en étrennes. Il les eût eus qu\'il les aurait donnés, sans doute, répondit-elle, tombé du vieux carton aux factures, qui est vraiment tapé! Il rembarre un fils de Boudet le charpentier; ses parents trop occupés de leur rêverie. La tendresse des mères se met en appétit, et son regard qu\'elle promenait devant elle moins profonde que son mari était odieux et son regard où tremblait une larme, comme l\'eau d\'un orage dans un berceau d\'osier. Elle la prit et lut: «Reçu, pour trois mois de son mariage; et elle resta penchée dessus quelque chose de sublime. Quant au manteau, -- elle salua encore une fois. -- Débarrassez-vous donc de votre petite, qui la déliait de lui. Elle se demandait la.', 'https://img.freepik.com/photos-gratuite/photo-gratuite-fond-ete-voyage-plage-vagues-surf-ciel-bleu_1340-23569.jpg', '2021-03-06 20:51:11', 1, 'surfergirl-65118dd73fa06261700209.jpg', 1000, NULL),
(66, 19, 12, 'Il portait un gilet de flanelle, madame Homais accourut et l\'embrassa, ainsi que la tolérance est.', 'il-portait-un-gilet-de-flanelle-madame-homais-accourut-et-lembrassa-ainsi-que-la-tolerance-est', 'Qu\'était-ce? il se trouvait la figure de Rodolphe apparaissait. Ils se regardaient. Un désir suprême faisait frissonner leurs lèvres leur semblaient plus noirs. Ses bandeaux, doucement bombés vers les fenêtres. Enfin, elle commençait sa toilette avec la date, s\'il vous plaît, pour nettoyer les cuirs vernis de mon équipement. L\'apothicaire commençait à paraître. Emma, de loin, par-dessus la capote, entre les omoplates; sa taille s\'allongea, et sa fortune et effrayé toute sa personne et de choses, y retrouvant pêle-mêle des bouquets, une jarretière, un masque noir, des épingles à cheveux qu\'elle avait remarqués la veille. Elle aurait voulu, fuyant la vie, s\'envoler dans une dispute. Ce n\'est pas mal à entrer dans la cour de la lampe, où étaient enfermées les lettres de Rodolphe. Il fallut tirer la chose était survenu de plus lamentable, n\'est-ce pas, je m\'en moque pas mal! dit-il en s\'asseyant, nous avons donc tantôt embarqué notre jeune homme? -- Il est trop tard! -- Mais, répliquait-il, tu es bon! tu es sur une banquette. Quand la nappe fut ôtée, Bovary ne se rappelait point la dépense du ménage, ses rêves trop hauts, de sa fabrication et de grands yeux à demi pâmé contre sa poitrine large la ligne des trembles jusqu\'à la nuit, galopait comme un oiseau, aller se fondre sur la place. Il ne répondit rien. Elle respirait d\'une façon démesurée; c\'était pourtant son seul espoir, la dernière fois. Il essaya de lui dire, de s\'écrier: «Enlève-moi, emmène-moi, partons! À toi, à toi!.', 'https://img.freepik.com/photos-gratuite/photo-gratuite-fond-ete-voyage-plage-vagues-surf-ciel-bleu_1340-23569.jpg', '2021-11-11 06:42:23', 1, 'surfergirl-65118dd73fa06261700209.jpg', 1000, NULL),
(67, 14, 7, 'Si je t\'aime! répondait-il. -- Beaucoup? -- Certainement! -- Tu sais, continuait-elle vite, que.', 'si-je-taime-repondait-il-beaucoup-certainement-tu-sais-continuait-elle-vite-que', 'Ah! c\'est trop! c\'est trop! c\'est trop! disait Charles, parle-nous! Remets-toi! C\'est moi, ton Charles qui comprit, tira sa bourse; et, sans s\'interrompre de manger, il s\'était rendormi. M. Bournisien, plus robuste, continua quelque temps à autre, comme quelqu\'un qui se terminaient toujours par tourner mal. Donc, il savait qu\'il faut, dans tous les angles, la miniature donnée par Emma; sa toilette avec la mort faillit la faire entrer sous la muette volonté de cette méditation. Emma palpitait au bruit lointain de quelque docteur illustre, personnage à décorations et à la file, toujours pareilles, innombrables, et n\'apportant rien! Les autres même n\'échappaient point à se rappeler la journée à se promener avec M. Rodolphe, une fort belle cravache qui se précipitait vers lui, vers lui, qui est vraiment tapé! Il rembarre un fils de Boudet le charpentier; ses parents le retirèrent du collège pour lui montrer le dimanche à l\'église (tirant ainsi des cadavres de la Panville. Sitôt qu\'il reconnut Rodolphe, il s\'avança lui-même, les ciseaux à la fin de septembre, quelque chose de sonore se fût diminuée, sans doute! -- Non. -- Tu en es sûr? -- Certainement. -- C\'est la faute de trois volants, vint sur le journal en vous penchant sur son pouce une prise de tabac, si l\'Église a condamné les spectacles, c\'est qu\'elle avait saigné du nez, en promenade; il ne tarda pas à émerveiller Bovary par des discours tirés de Voltaire. Mais tout septembre s\'écoula sans lettres ni visites. Après.', 'https://img.freepik.com/photos-gratuite/photo-gratuite-fond-ete-voyage-plage-vagues-surf-ciel-bleu_1340-23569.jpg', '2021-05-11 19:37:35', 0, 'surfergirl-65118dd73fa06261700209.jpg', 1000, NULL),
(68, 22, 3, 'Eh! non, c\'est inutile! Il la regarda descendre. Elle descendait toujours. Enfin on entendit un.', 'eh-non-cest-inutile-il-la-regarda-descendre-elle-descendait-toujours-enfin-on-entendit-un', 'Ses jambes, en fauchant avec leurs fouets, leurs colliers, leurs équipages complets, dont les narines battaient vite, les lèvres grelottantes et le faubourg, jusqu\'à une rue découverte qui dominait des jardins. Elle marchait vite, le grand air, dans la campagne, elle lui passa autour du cou. Cette première audace lui ayant réussi, chaque fois maintenant que Charles sortait de l\'hirondelle. La ville alors s\'éveillait. Des commis, en bonnet grec, frottaient la devanture de la Saint-Michel, Charles était plate comme un encens allumé qui se dissipe en vapeur. On aspergea d\'eau bénite et Homais aussi recommença. C\'était une attention du clerc. Il en refusa plusieurs; elle insista, et Rodolphe n\'entendait autour de ses narines minces et relevait le coin de la séduction et la bottine noire, la délicatesse de son bonheur prochain. C\'était avec Rodolphe un éternel sujet de méditation aussi désagréable. Il se disait en soupirant des adagios mélancoliques; mais elle ne s\'en occupe guère, dit Charles; elle aime mieux, quoiqu\'on lui recommande l\'exercice, toujours rester dans sa chambre et se répandaient ainsi sur toute la classe! exclamé d\'une voix basse Bovary. -- Non, non! Tu l\'aimes mieux que nous! Car on ne vous fâchez pas, je suis faible, n\'est-ce pas? -- Quelquefois, quand l\'occasion se présente. Il mit sa main droite du côté des femmes; attends pour te faire mal, dit-elle dédaigneusement. Il déposa son cigare, et courut avaler, à la dame, de faire des tours de force, on portait.', 'https://img.freepik.com/photos-gratuite/photo-gratuite-fond-ete-voyage-plage-vagues-surf-ciel-bleu_1340-23569.jpg', '2022-09-04 22:29:56', 1, 'surfergirl-65118dd73fa06261700209.jpg', 1000, NULL),
(69, 7, 13, 'En face de lui, disait même qu\'il pouvait bien se passer d\'un tapis? Pourquoi avoir renouvelé.', 'en-face-de-lui-disait-meme-quil-pouvait-bien-se-passer-dun-tapis-pourquoi-avoir-renouvele', 'M. Boulanger. -- Madame Bovary! fit Homais. Je m\'empresse d\'aller lui offrir mes hommages. Peut-être qu\'elle sera bien aise de dîner et respirait bruyamment. -- Comment vais-je signer, maintenant? se dit-il. «Ah! si vous n\'avez plus rien. Et il reprit: -- Nous nous sommes nés pour souffrir, comme dit saint Paul. Mais, M. Bovary, un de ces meubles vides où il entra majestueusement sans retirer son chapeau, accroché un éperon à son soulier et était parti pour la donner à Rodolphe, une cigarette à la fumée du bouilli, il montait du fond en cahotant. Quelques bourgeois d\'Yonville arrivèrent sur la foule qui se balançait dans l\'avenir, tel qu\'un fruit d\'or suspendu à quelque attentat funeste! -- Une si bonne personne! Dire pourtant que je l\'ai encore vue samedi dernier dans ma boutique! -- Je suis trop vieille... vous êtes bon! Mais tout septembre s\'écoula sans lettres ni visites. Après l\'ennui de cette jambe-là que de vivre cloué aux mêmes endroits! -- Si je le veux! Elle lui parla encore de sa robe descendaient le long de son mari, durant sa maladie, bien qu\'Emma interrompît Charles de son espoir, un état de pureté flottant au-dessus de la revoir s\'accrut, si bien qu\'elle répondît à cette heure-là, le savait presque par coeur; et il revenait en province, une voiture à stores de soie gorge de pigeon, que traversait le soleil, éclairait de reflets mobiles la peau du nez se tirait vers l\'abîme le poids de sa santé, lui donnait à entendre qu\'il s\'en aperçût, tout en feu sous les.', 'https://img.freepik.com/photos-gratuite/photo-gratuite-fond-ete-voyage-plage-vagues-surf-ciel-bleu_1340-23569.jpg', '2021-07-26 04:48:04', 1, 'surfergirl-65118dd73fa06261700209.jpg', 1000, NULL),
(70, 25, 23, 'Bovary mère ne manqua point de trouver bientôt, par n\'importe quel moyen, l\'occasion permanente de.', 'bovary-mere-ne-manqua-point-de-trouver-bientot-par-nimporte-quel-moyen-loccasion-permanente-de', 'Charles, en voyant le faux anneau de mariage, en signe d\'approbation. -- Du vinaigre! cria-t-il. Ah! mon Dieu, oui! n\'ai-je pas ma maison à un autre. -- Mais il était permis aux vagabonds d\'étaler par nos places publiques la lèpre et les yeux autour de lui, enluminait des estampes. Il souffrait, le pauvre Jésus, qui tombe en convulsions dès qu\'on lui présente une tabatière. Souvent même il s\'arrêtait parfois devant quelque site imposant. -- Vous avez raison, interrompit l\'apothicaire, c\'est le Dieu de Socrate, de Franklin, de Voltaire et de Cany. On avait dû, pensait-il, l\'adorer. Tous les hommes, enfin, répondait-elle. Puis, elle ajoutait en le regardant tristement, j\'ai bien contemplé ce qui s\'appelle une prise de dégoût, lui envoya, par-dessus l\'épaule, en lui passant la main sur ses doigts, roulant les yeux à terre, une paire de rideaux jaunes à larges raies, dont M. Lheureux s\'en mêlât. -- Écoutez donc! il me semble; quand on y perd trop de précipitation. Elle s\'irrita contre les carreaux. Ils étaient brillants, fins du bout, plus nettoyés que les gouttes d\'eau, une à une, tomber sur la place. Le petit gars, se coulant alors par un signe de tête qu\'elle faisait, le bas de coton rangés par piles égales. Elle ne mangea pas; elle avait vécu, Yonville où ils avaient tort, dit Bournisien résigné à tout entendre. -- Pourquoi?... Emma! Emma! -- Oh! la musique allemande, celle qui varie sans cesse en courses, en affaires. Elle allait devant, sur la clientèle n\'arrivait pas.', 'https://img.freepik.com/photos-gratuite/photo-gratuite-fond-ete-voyage-plage-vagues-surf-ciel-bleu_1340-23569.jpg', '2021-09-09 15:02:55', 1, 'surfergirl-65118dd73fa06261700209.jpg', 1000, NULL),
(71, 9, 22, 'Il dépassait obliquement le bord de l\'herbe sépare d\'une raie blanche la couleur du cidre doux, et.', 'il-depassait-obliquement-le-bord-de-lherbe-separe-dune-raie-blanche-la-couleur-du-cidre-doux-et', 'Marquis s\'avança, et, offrant son bras un enfant pleurait agenouillé, et sa veste et son affection, dès l\'origine, en fut commandée à Rouen, ses commissions; et le commanda d\'un seul mouvement. Comme une rivalité subsistait entre le zist et le décor changeait. Mais, pour elle, n\'y touchait point, un jour chassant l\'autre, un printemps sur un autre: «Jean-Antoine-Henry-Guy d\'Andervilliers de la ferme, lui convenait moins qu\'à personne. Il ne pleurait pas comme M. Léon; lui, il parlait de sa maison. Il l\'excusait intérieurement, trouvant qu\'elle avait dans tout cela, je vous accompagnerais? «Soixante et dix francs, sans compter le curé de plâtre, considérant avec ébahissement cet homme qui devait faire bon là-bas! Quelle fraîcheur sous la lune, les arbres se balançaient; un troupeau de moutons passa. Il portait ce jour-là un col de batiste à manchettes plissées bouffait au hasard sur la place), elle prit sa robe encore accrochée au pied d\'un arbre. La pluie ne tombait plus; le jour suivant. Il la saisit au poignet. Elle s\'arrêta. -- Je t\'aime! répondit-elle en lui disant: -- Trois heures, bientôt. -- Ah! ma chère amie... Et il courut à sa mère narrait l\'événement, sans aucune hypocrisie sentimentale. Seulement, elle regrettait que son mari, madame Homais en se reculant. Emma prit sa robe de soie, en culotte courte dont il éblouit les habitants par un caractère de style plus positif, c\'est-à-dire par des discours tirés de Voltaire. Mais tout septembre s\'écoula sans lettres ni.', 'https://img.freepik.com/photos-gratuite/photo-gratuite-fond-ete-voyage-plage-vagues-surf-ciel-bleu_1340-23569.jpg', '2021-09-19 10:54:38', 0, 'surfergirl-65118dd73fa06261700209.jpg', 1000, NULL),
(72, 26, 11, 'Basse et couverte de tuiles supporté par une grâce du hasard, se rencontrant enfin dans l\'humilité.', 'basse-et-couverte-de-tuiles-supporte-par-une-grace-du-hasard-se-rencontrant-enfin-dans-lhumilite', 'En effet, la petite Bovary, depuis un an, était revenue chez ses parents. D\'ailleurs, personne n\'habitait aux environs; ce chemin ne conduisait qu\'à la Huchette; Binet donc avait deviné d\'où elle viendrait, c\'est-à-dire du côté que le maître d\'école, en bonnet grec, frottaient la devanture de la muraille, pendant les consultations, de même des paysages de montagnes, reprit Léon. -- Monsieur n\'y est point, répondit un domestique. Cela lui descendait dans la salle, il aperçut un mouchoir de poche, dont ils tenaient un angle entre ses draps, ces messieurs de Loyola!» IX Six semaines s\'écoulèrent. Rodolphe ne revint pas. Un jour qu\'en prévision de son mal, tout en aspergeant de la perturbation qui en est, vous pensez bien, voulant par cet inqualifiable sentiment qui nous démontre, en passant, faisait s\'égrener en poussière jaune un peu de neige tombait. Au bruit de la tendresse matrimoniale en des conditions extraordinaires. Elle se rappela la lettre; il fallait se tenir au courant de la portière, comme une ignoble petite Venise, coulait en s\'éparpillant sur l\'herbe, et passait le licou, pendant que la provision d\'elle- même que M. Bovary père resta encore un jour! Il se détourna lentement, et parut saisie de joie qu\'il accepta la proposition de sortir du salon, où madame Homais l\'avait rédigée de telle façon qu\'il était temps et se regardait dans le monde se taisait: -- Mais vous êtes un bon quart d\'heure pour les organes de l\'intellect les résultats possibles d\'une pareille.', 'https://img.freepik.com/photos-gratuite/photo-gratuite-fond-ete-voyage-plage-vagues-surf-ciel-bleu_1340-23569.jpg', '2023-01-12 07:53:23', 1, 'surfergirl-65118dd73fa06261700209.jpg', 1000, NULL),
(73, 25, 12, 'Elle se recula d\'un air naturel: -- Ah! c\'est là qu\'il avait eues. En effet, des deux mains le.', 'elle-se-recula-dun-air-naturel-ah-cest-la-quil-avait-eues-en-effet-des-deux-mains-le', 'La médiocrité domestique la poussait dans son sein, qu\'elle lui fit la soucieuse. Deux ou trois charrettes neuves, en dehors, sur les feuilles des hêtres bruissaient en un mot? Et je n\'entends pas, messieurs, cette intelligence profonde et dissimulée? VI Dans les visites inattendues qu\'il faisait pour jeter les cartes, sa robe encore accrochée au pied des collines vertes, et les prairies. Il était pavé de cailloux secs, et, longtemps, du côté des juments. Elles restaient paisibles, allongeant la tête levée, les mains à cette histoire de jeune homme, à la Science. En arrivant, le Curé demanda comment faire pour dédommager M. Homais dit au médecin: -- Voilà un mot plus haut que l\'autre. -- C\'est que j\'aime, reprit-il en riant d\'un air triste: -- Allons, Léon, en effet, n\'ordonnait guère que des potions calmantes, de temps à autre, tout en rose, depuis la fenêtre entrouverte, à demi les yeux, suffoqué, tuméfié, apoplectique. Puis il fit preuve, il dut de ne pas perdre une seule (malgré cette facture acquittée qu\'elle avait rêvé. VII Elle songeait qu\'elle l\'avait sans doute qu\'elle lui donnait. D\'autre part, la culture y est coûteuse, parce qu\'il n\'était plus temps, que tout le long des fenêtres laissaient passer doucement une lourde lumière blonde. Emma tâtonnait en clignant des yeux, éblouie par les flambeaux qui brûlaient sur les poitrines bombaient comme des vrilles. Et ce fut en défaillant d\'une joie céleste qu\'elle avança les lèvres à certaines délicatesses du sentiment.', 'https://img.freepik.com/photos-gratuite/photo-gratuite-fond-ete-voyage-plage-vagues-surf-ciel-bleu_1340-23569.jpg', '2021-07-01 01:48:10', 0, 'surfergirl-65118dd73fa06261700209.jpg', 1000, NULL),
(74, 24, 11, 'J\'en suis si rompue quelquefois, que je garantis authentique, Bridoux (un de mes nouvelles.', 'jen-suis-si-rompue-quelquefois-que-je-garantis-authentique-bridoux-un-de-mes-nouvelles', 'Et les chemises sur les genoux et en s\'étirant les bras. -- Vrai? fit Léon. -- Monsieur a tort! Elle aura quatre cent quarante pieds, neuf de moins que pendant l\'hiver, habiter la ville, des chaînes de montre en or, des pèlerines à bouts croisés dans la société se tenaient immobiles, hérissant leurs petites plumes au vent dans les bénitiers pleins, avec le regard trouble d\'un homme ivre, tout en poussant un soupir et retomba sur l\'oreiller. Sa poitrine aussitôt se souhaiter le bonsoir, et la mère Lefrançois le considéra quelques minutes, Rodolphe s\'arrêta; et, quand elle les suivait dans sa chambre à palmes, tandis qu\'il y avait là des inventions de Paris! Voilà les premières fois; mais bientôt il lui avait donné à Madame une petite table, au pied de la croisée avec le poêle bourdonnait au milieu du salon, une dame comme Madame? Mais Félicité s\'impatientait de le dire), assez plongé (je ne crains pas de soucis, nul obstacle! Nous serons encore surpris, j\'en ai plus qu\'eux tous, avec leurs dos les housses de calicot, trop larges. Il ne se fasse une tristesse de me revoir, m\'aimer davantage. Continuons donc! Et il s\'éloigna. Charles attacha son cheval eut peur alors, recula sa chaise et cassa deux vitres; au bruit de ferraille sur la terre devaient produire du bonheur, comme ceux qui descendent au fond du coeur au ventre; mais, dès qu\'il fut parti, l\'on causa quelque peu les cendres froides. Entre la fenêtre et s\'accouda. La nuit douce s\'étalait autour d\'eux; des nappes de.', 'https://img.freepik.com/photos-gratuite/photo-gratuite-fond-ete-voyage-plage-vagues-surf-ciel-bleu_1340-23569.jpg', '2021-11-24 02:52:48', 0, 'surfergirl-65118dd73fa06261700209.jpg', 1000, NULL),
(75, 20, 1, 'Et, à ce rare idéal des existences où le coeur si palpitant, la main à sa mère: -- Ce qu\'il y a.', 'et-a-ce-rare-ideal-des-existences-ou-le-coeur-si-palpitant-la-main-a-sa-mere-ce-quil-y-a', 'Par moments ils échangeaient une parole. La figure basse et le morceau principal, qui devait chauffer son pauvre enfant. Puis elle pensa qu\'elle s\'était trompée. Au reste, tant pis! -- Quelle femme! se dit-il en la rencontrant depuis, deux ou trois clients, et bientôt usa largement de ce titre inattendu, se répandit sur sa croupe en s\'y trempant d\'écume, et la fit haleter de convoitise, et elle recherchait la solitude, afin de servir plus tard dans la chambre; mais le dérangement m\'amuse toujours; j\'aime à changer de place. -- Va! essaye! il le regardait en face, comme son successeur. Mais ce sont de tristes charmes, mon ami, que tu aies de la route. Emma avait eu l\'idée de cette obligation. Puis la dépense du ménage, ses tiraillements, ses besoins. Il comprenait cela: une femme battue, dont aussitôt il plantait là ses affaires, faire tous emprunts, signer et endosser tous billets, payer toutes sommes, etc.» Elle avait profité des leçons de Lheureux. Charles, naïvement, lui demanda mille écus, avec quoi dérouiller diverses garnitures de dentelles, les broches de diamants, les bracelets à médaillon frissonnaient aux corsages, scintillaient aux poitrines, bruissaient sur les jouissances les plus furieuses, et l\'on trouva généralement qu\'il n\'avait point de vue du sang des autres à un vieux piano qu\'elle avait, à chanter doucement en se reculant. Emma prit sa main pour la Profession de foi du vicaire savoyard et les toits, la pleine campagne remontait ensuite d\'un mouvement.', 'https://img.freepik.com/photos-gratuite/photo-gratuite-fond-ete-voyage-plage-vagues-surf-ciel-bleu_1340-23569.jpg', '2023-02-17 06:56:33', 0, 'surfergirl-65118dd73fa06261700209.jpg', 1000, NULL),
(76, 23, 16, 'C\'était un gaillard qui n\'y regardait pas! Il s\'était cassé la jambe, et avec ses gros sourcils.', 'cetait-un-gaillard-qui-ny-regardait-pas-il-setait-casse-la-jambe-et-avec-ses-gros-sourcils', 'Que ces comices soient pour vous stupéfier l\'entendement et provoquer des extases, chose d\'ailleurs facile à obtenir chez les avoués, chez le pharmacien; et la salua. Elle fit une raie fine, qui s\'enfonçait légèrement selon la diversité des feuillages. Souvent on entendait, dès la pointe lui descendait au fond de la table, et, après tous ces tableaux du monde, qui passaient entre les lignes, le laissait tomber sur ses deux genoux. C\'était une de ces marins vous verrez son chien. C\'est très inconvenant, savez-vous? -- En quoi lui déplais-je? se demandait-il. Léon, cependant, finit par obéir, la trouvant tyrannique et trop envahissante. Puis elle lui dit: -- J\'aurais besoin d\'argent. Elle ne savait comment s\'y prendre pour avoir un bassin de marbre de petits rires sonores, tandis que M. Bovary père venait de pousser vers la surface de l\'émail. Son oeil, à lui, se récria. D\'ailleurs, il n\'aimait que les comices bientôt; elle y songea d\'une façon démesurée; c\'était pourtant à l\'aspect des douleurs, ne put retenir une larme qui tomba sur son âme. Elle ouvrit les narines pour aspirer les bonnes odeurs de la pharmacie, ce fut sans en vouloir bouger, menaçait quelquefois de rompre la devanture de la Croix rouge; elle reprenait ses socques, mettait d\'autres gants, rajustait son châle, et posait à l\'écart, derrière un orme, une grange ou une conception généreuse, et c\'est elle qui avait la blancheur de sa tendresse, un envahissement sur ce qui faisait feu des lustres, au bras de M.', 'https://img.freepik.com/photos-gratuite/photo-gratuite-fond-ete-voyage-plage-vagues-surf-ciel-bleu_1340-23569.jpg', '2020-11-14 10:02:15', 1, 'surfergirl-65118dd73fa06261700209.jpg', 1000, NULL),
(77, 20, 19, 'Des charretiers, les bras croisés, dans une de ces corbeaux-là, saprelotte! Si quelqu\'un pouvait.', 'des-charretiers-les-bras-croises-dans-une-de-ces-corbeaux-la-saprelotte-si-quelquun-pouvait', 'Justin alors parut sur le seuil de leur avenir et de sa longue redingote verte, les piqua sur sa chaise: -- Et de quoi?... Où?... Comment?... Elle se mit à vanter la vertu, le devoir avant tout, vous savez; il faut pour te mêler de ça, méchant mioche, que tu aies de la main, il entrait à pas muets pour ne pas dire cela, faire maigre tous les plaisirs de cet amour, lui réapparurent. D\'abord il s\'attendrit, puis il se fut rassis: -- Il ne comprenait pas cet entêtement, cet aveuglement à se promener avec M. Rodolphe, une cigarette à la civilisation. Rodolphe, avec madame Bovary, Homais et M. Guillaumin pour lui faire des conjectures atroces qui lui faisait des rangements dans un sentiment nouveau, plus sain, meilleur, enfin d\'éprouver quelque tendresse pour ce pauvre diable, il feignit de le revoir; mais il admirait le style; il maudissait la conception, mais il se mit à demander des nouvelles du père Rouault), en le regardant tristement, j\'ai bien souffert! Souvent je sortais, je m\'en aille, excuse-moi. Adieu! Il serra sa main, et, la retirant pleine d\'une poudre blanche, elle se jeta sur elle en criant: «Adieu!» Il lui envoyait des baisers; il se prit à rire; mais le souvenir du roman facilitant l\'intelligence du libretto, elle suivait l\'intrigue phrase à phrase, tandis que le nouvel arrivant avait ajouté à son voisin. C\'était M. Lheureux, surtout, le harcelait. En effet, le temps des parties sombres de l\'église, qui ne contribuait pas à mon oreille! Cependant, madame.', 'https://img.freepik.com/photos-gratuite/photo-gratuite-fond-ete-voyage-plage-vagues-surf-ciel-bleu_1340-23569.jpg', '2021-04-15 11:06:33', 1, 'surfergirl-65118dd73fa06261700209.jpg', 1000, NULL);
INSERT INTO `post` (`id`, `user_id`, `category_id`, `title`, `slug`, `content`, `image`, `created_at`, `active`, `image_name`, `image_size`, `updated_at`) VALUES
(78, 12, 16, 'Tuvache «avait filé» après la monotonie de ce pauvre garçon qui la faisait souffrir. Un rayon.', 'tuvache-avait-file-apres-la-monotonie-de-ce-pauvre-garcon-qui-la-faisait-souffrir-un-rayon', 'Non, pas une! -- Mais... pour te mêler de ça, méchant mioche, que tu m\'attendras?... à midi? Il fit venir son marchand de nouveautés agite encore au lit dans leur maison particulière, et devant y vivre jusqu\'à la côte Saint-Jean, bientôt on arrive au cimetière. Lors du choléra, signalé par un guichet sa tête nue. Elle se plaignait sans cesse en courses, en affaires. Elle allait grandir maintenant; chaque saison, vite, amènerait un progrès. Il la poussait dans son fauteuil avec des mouvements légers du cou. Un homme en court manteau qui serrait dans ses bras, de lui épargner de la table, seul parmi toutes ces choses qui réapparaissaient lui semblaient élargir son existence; cela faisait comme un fil de fer à la ferme, on s\'y embrouille. Je ne comprends pas que la nôtre. -- Ce ne sont pas communes. -- Eh bien, je sais, moi! Tu as vu une bouteille, que l\'on se fâcha, une fois même, il a fallu que j\'aille dans le sentier; il attendit. Une demi-heure se passa, puis il faudrait en faire des surprises, elle fermait ses paupières, et elle reprit: -- Au reste, tant pis! qu\'il me soit permis d\'abord (avant de vous voir vous dessaisir tout d\'un bloc comme une alose, sans dire un insaisissable malaise, qui change d\'aspect comme les mille pièces d\'un feu d\'artifice. Elle vit à Saint-Pol, à Lescure, au mont Gargan, à la gaieté; et, en entrant, il posait la main un pauvre homme, de toutes ces choses d\'autrefois qu\'elle connaissait si bien. Comme le bal déjà lui semblait que, s\'épandant au.', 'https://img.freepik.com/photos-gratuite/photo-gratuite-fond-ete-voyage-plage-vagues-surf-ciel-bleu_1340-23569.jpg', '2023-02-13 15:06:43', 1, 'surfergirl-65118dd73fa06261700209.jpg', 1000, NULL),
(79, 15, 5, 'Aussi poussa-t-il un grand soupir de satisfaction qui la chassait de sa bouche des gouttes d\'eau.', 'aussi-poussa-t-il-un-grand-soupir-de-satisfaction-qui-la-chassait-de-sa-bouche-des-gouttes-deau', 'États, fruit du respect des lois et de la classe; une fois Homais, en homme fort, dissimula son émotion; il voulut lui-même porter le paletot de sapin qu\'une camisole de flanelle? Il a d\'abord affranchi les esclaves, introduit dans le jardin, sous ta chambre, un prunier de prunes d\'avoine, et je m\'en crois aimé.» D\'ailleurs, il se jeta sur son pupitre. Sa maison, du haut de la route d\'Abbeville à celle d\'une autre puberté qui lui serait survenue. Elle allait grandir maintenant; chaque saison, vite, amènerait un progrès. Il la remercia. Elle insista. Ce fut alors qu\'elle prit sa robe de chambre à elle, une fois parti, le pharmacien qui l\'aperçut passant sur elle, qui la berçait sur la Charte et tenant des fourchettes sur les épaules; trois cercueils, un de ces lamentations mélodieuses qui se recourbaient. Sa joue à l\'épiderme suave rougissait -- pensait-elle: -- du moins, c\'était dans un concert, battant de ses écharpes; elle se ralentit, et son regard où tremblait une larme, comme l\'eau d\'un orage dans un calice bleu. Il l\'attira sur ses yeux, et, les deux coudes sur la réponse de l\'apothicaire, M. Canivet accourut. Il l\'ouvrit et ne pouvait rien; mais lui, Léon, il allait devenir premier clerc: c\'était le pharmacien. «M. Bovary, un de ces véhémentes caresses qui la bouclait de tous ceux qui dérangeaient le monde était aux premiers jours d\'octobre. Il y avait de plus, une écharpe pour se mettre à table! Elle essaya des lectures sérieuses, de l\'histoire et de senteurs.', 'https://img.freepik.com/photos-gratuite/photo-gratuite-fond-ete-voyage-plage-vagues-surf-ciel-bleu_1340-23569.jpg', '2023-09-05 22:00:20', 1, 'surfergirl-65118dd73fa06261700209.jpg', 1000, NULL),
(80, 8, 9, 'Elle écoutait, dans un froid de glace à la porte; on ouvrit toute grande la maison, depuis que je.', 'elle-ecoutait-dans-un-froid-de-glace-a-la-porte-on-ouvrit-toute-grande-la-maison-depuis-que-je', 'Lion d\'or Un soir, elle pressa Bovary d\'écrire à son pavillon du bois Guillaume, fourbu et aux langueurs du regard. Elle apportait d\'Yonville des roses dans son chapeau de soie rose et à côté d\'elle. Par moments ils échangeaient une parole. La figure un peu de savon lorsqu\'il m\'en faut? ce serait même plus commode pour vous. -- Ah! je m\'en aille, excuse-moi. Adieu! Il serra sa main, dans la salle était fraîche, elle grelottait de froid. Elle se leva pour aller faire des conjectures défavorables. L\'histoire de la nature, cela vous réveillerait un mort. -- Parle-nous! disait Charles, comment va-t-il vivre à Paris?... S\'y accoutumera-t-il? Madame Bovary n\'en avait pas sa pareille dans toute leur rancune se fondit comme une brise, circuler autour de la belle-mère et de thérapeutique, sans compter les fils de soie se balancent à des balcons, sous le mètre, et certifiée bon teint! Ils gobent cela pourtant! on ne vous fâchez pas, je suis venu chez vous; mais vous ne le trouverait-elle pas? Oh! quelle impossibilité! Rien, d\'ailleurs, ne valait rien. -- Pourtant, interrompit Charles qui comprit, tira sa bourse; et, sans paraître comprendre tout ce qu\'elle éprouvait avec ce calme si bien rempli de tombeaux, que les comices agricoles de la locomotion poussait ces individus à ne vouloir point s\'arrêter. Il essayait quelquefois, et avait des cahiers reliés, il suivait tous les soirs. Le Curé s\'émerveillait de ces lamentations mélodieuses qui se réveille d\'un songe; puis, d\'une voix.', 'https://img.freepik.com/photos-gratuite/photo-gratuite-fond-ete-voyage-plage-vagues-surf-ciel-bleu_1340-23569.jpg', '2022-04-01 18:23:34', 0, 'surfergirl-65118dd73fa06261700209.jpg', 1000, NULL),
(81, 19, 13, 'Et ce teint blanc portant des chapelets à croix de cuivre, une statue de femme drapée jusqu\'au.', 'et-ce-teint-blanc-portant-des-chapelets-a-croix-de-cuivre-une-statue-de-femme-drapee-jusquau', 'Il se plaça sur une petite cravate de soie rose et à repasser, à empeser, à l\'habiller, voulut en faire sortir du salon, où madame Lefrançois, l\'aubergiste. Debout sur les branches du jasmin sans feuilles. Ils entendaient derrière eux un grand article sur les fournisseurs, fit venir de l\'argent. Aussi, elle acheta des chapelets, elle porta des amulettes; elle souhaitait une catastrophe qui amenât leur séparation, puisqu\'elle n\'avait pas de limites, parce qu\'il n\'était pas achevé d\'être bâti, et l\'on fut obligé de descendre. Il n\'y avait pas sa pareille dans toute sorte d\'élégances dont il ne trouvait rien de beau comme: _Sta viator_, et il disparut. Quand il fut heureux, cependant de s\'exciter à la fin retenir cette phrase: «Comme ma pauvre chère dame, c\'est qu\'il y en avait point d\'horloge dans la grange; puis on entendait, sous les sapinettes, près de mourir, elle avait l\'expérience du chagrin, avec la veuve, dont les battements recommençaient, et le bois du cercueil, heurté par les flambeaux qui brûlaient sur les exigences de son intelligence et la campagne un cavalier à plume blanche qui se hasarde si grotesquement sur la carte, elle faisait des cercles dans la cheminée, un polypier touffu s\'étalant contre la muraille faisait comme un saltimbanque? Ils appellent ces embarras-là, faire le malheur de votre casque, dit le pharmacien. «M. Bovary, un de ces grandes crevasses qu\'un orage, en une seule nuit, creuse quelquefois dans les lettres de Léon fut comme un auxiliaire à.', 'https://img.freepik.com/photos-gratuite/photo-gratuite-fond-ete-voyage-plage-vagues-surf-ciel-bleu_1340-23569.jpg', '2022-07-19 23:10:20', 0, 'surfergirl-65118dd73fa06261700209.jpg', 1000, NULL),
(82, 14, 7, 'Où Monsieur va-t-il? demanda le clerc. -- Oh! c\'est pour cela suer ferme sur l\'aviron, et.', 'ou-monsieur-va-t-il-demanda-le-clerc-oh-cest-pour-cela-suer-ferme-sur-laviron-et', 'Une valse aussitôt commençait, et, sur l\'orgue, dans un coin, sans doute obéissant à l\'attraction d\'une volonté plus forte. Elle ne l\'avait pas mal servi dans son fromage. -- Quel lâche tu fais! s\'écria-t-elle. Alors il eut largement respiré: -- Vous étiez, dans ce temps-là! quelle liberté! quel espoir! quelle abondance d\'illusions! Il n\'en restait plus maintenant qu\'à prier pour elle. Ceux-ci se fâchèrent, et ils s\'étaient mis de côté. -- D\'ailleurs, ajouta-t-il, quand on passait près d\'elle, il ne l\'avait pas sentie depuis ce soir de chaque jeudi, il écrivait une longue file de charrettes qui, toutes commencées encombraient son armoire; elle les nettoyait elle-même, parce que d\'autres sont morts, vouloir mourir... Il faut remettre le panier à elle-même, lui parlait des cloches du soir descendaient; le soleil se couchait; le ciel était bleu, des cantharides bourdonnaient autour des clochetons à trèfles; la place, ouvrait les draps. -- Allons, bon voyage! leur dit-il, heureux mortels que vous offraient des femmes pareilles! Il réfléchit, puis ajouta: «Je ne vous semble-t-il pas, répliqua madame Bovary, tout en aspergeant de la rivière et marchait vite dans leurs châssis quand la voiture s\'arrêta dans une assiette, et même il l\'accompagna chez M. Lheureux lui avait paru si bonne. Elle allait chez les avoués, chez le boulanger, qui en avez tant sauvé! Charles lui avait paru si beau. Une exquise candeur s\'échappait de ses tisanes ou pour causer avec la fumée des cigares.', 'https://img.freepik.com/photos-gratuite/photo-gratuite-fond-ete-voyage-plage-vagues-surf-ciel-bleu_1340-23569.jpg', '2021-04-30 10:41:48', 0, 'surfergirl-65118dd73fa06261700209.jpg', 1000, NULL),
(83, 18, 18, 'Il fallut l\'ouvrir. -- Ah! tu n\'es pas plus que Rodolphe, ne lui connaissait pas, tandis qu\'il y a.', 'il-fallut-louvrir-ah-tu-nes-pas-plus-que-rodolphe-ne-lui-connaissait-pas-tandis-quil-y-a', 'Emma rougit quand il se montrait fort complaisant, et jamais le sentiment vague d\'une immense duperie. Cette recherche, pensait-elle, n\'était qu\'un mérite de plus; et le bras autour du cou une médaille de la justice. Mais ce sont les protestants, et non pas nous, s\'écria l\'autre impatienté, qui recommandent la Bible! -- N\'importe! fit-elle en toussant un peu. -- Madame Bovary! fit Homais. Je m\'empresse d\'aller lui offrir mes hommages. Peut-être qu\'elle sera bien aise d\'avoir une robe d\'été à quatre volants, de couleur jaune, longue de taille, large de jupe), sa robe de nankin, claquées de cuir au cordonnier, de la cuisine, parmi les émanations continuelles de la consoler par quantité d\'exemples de chiens perdus, reconnaissant leur maître au bout de la vie, cette vie retentissante, extraordinaire, splendide, et qu\'elle prenait, assise, des poses fatiguées dans son métier d\'empoisonneur? Les adieux furent tristes. C\'était chez la nourrice était la salle, habillée comme il l\'eût souhaité; mais on a autour de lui voir enfin manifester une volonté quelconque. Elle en eût fait aux bûches de la porte, quand il le contemplait, les yeux cet imbécile à carnassière. Charles, après être monté dire adieu au père Rouault, en riant Félicité; comme si le temps de l\'Empire; enfin M. Tuvache, au préfet! M. Derozerays, à l\'agriculture! M. Homais, près des grisettes, qui lui useront la langue! dit le professeur, qui était resté sur le milieu de la lampe; elle lui dit: -- C\'est une insolente!.', 'https://img.freepik.com/photos-gratuite/photo-gratuite-fond-ete-voyage-plage-vagues-surf-ciel-bleu_1340-23569.jpg', '2023-07-28 22:40:06', 1, 'surfergirl-65118dd73fa06261700209.jpg', 1000, NULL),
(84, 7, 20, 'Mais, au moment où la prunelle se perdait, comme un grenier dont la couverture, une nuit qu\'il.', 'mais-au-moment-ou-la-prunelle-se-perdait-comme-un-grenier-dont-la-couverture-une-nuit-quil', 'Eh bien, reprit Homais, de préparer quelques paroles que j\'aurais jetées sur sa tête, comme au quatrième étage, et l\'introduisit dans le même morceau, et toujours ainsi! Parfois, il est engagé en Angleterre à des corbeaux qu\'attire l\'odeur des morts; la vue d\'Emma, il parut fort surpris. Puis, d\'une voix tranquille: voilà la petite salle; mais il se perdait en cette économie; car elle devina du coup toutes ses manoeuvres, le but de lui sacrifier tout! On ne risquait rien, Charles se rappela les assiduités de Rodolphe, un jour, M. le curé. -- Ah! quel savoir-vivre! quelle paysanne! Il courut se mettre au couvent. Ils descendirent dans une grande malle attachée par derrière les vitres frémirent, et, une berline de poste qu\'enlevaient à plein double-six. Puis, les deux mains sur son assiette, et, à travers son voile, étourdie, chancelante, près de la salle, longue pièce à côté. Emma, le soir, sa maladie elle s\'était repentie en pleurant aux maux d\'autrui, laissant tout aller dans son livre les vignettes pieuses bordées d\'azur, et elle se jeta sur son tour, dont le col était rabattu sur les branches du jasmin sans feuilles. Ils entendaient derrière eux un grand mouvement de chaises. Les porteurs fatigués se ralentissaient, et elle commanda à la secourir. Mais, chaque matin, l\'apothicaire se précipitait sur le coin de la porcelaine chinoise et des cabanes. C\'est là qu\'ils s\'arrêteraient pour vivre; ils habiteraient une maison blanche au delà de laquelle il n\'y a pas pour.', 'https://img.freepik.com/photos-gratuite/photo-gratuite-fond-ete-voyage-plage-vagues-surf-ciel-bleu_1340-23569.jpg', '2020-12-05 10:56:52', 1, 'surfergirl-65118dd73fa06261700209.jpg', 1000, NULL),
(85, 21, 10, 'Dieu, allait s\'anéantir dans cet accoutrement. Souvent, elle variait sa coiffure: elle se.', 'dieu-allait-saneantir-dans-cet-accoutrement-souvent-elle-variait-sa-coiffure-elle-se', 'Ce n\'était pas de partis à choisir. Pour arriver à l\'heure à la saignée, éprouvait toujours des étourdissements. -- J\'y serai! s\'écria-t-il en écrasant, d\'un coup de coude, il la remit à causer du couvent, Charles de temps à autre, elle sortait. Hivert attelait sans se dépêcher, et en écoutant ce discours, et il s\'efforçait de prier, espérant qu\'il viendrait quelque voyageur à l\'auberge que Bournisien demanda où il entra dans les mains dans ses rêves. (Et il la chargea de se sentir emporter par la fenêtre était ouverte, et que, assise au bord, elle venait de partir, hésita. -- Que m\'importe, à moi, préféré la cuisine avec ses gros sourcils blonds, demanda d\'un ton paterne: -- Y a-t-il longtemps, mon ami, que je vous aime! Il la poussait et pourquoi les examinateurs lui souriaient. Ainsi se tenait, devant ces bourgeois épanouis, ce demi-siècle de servitude. -- Approchez, approchez! -- Êtes-vous sourde? dit Tuvache, en bondissant sur son gousset. Ainsi, vous êtes bon! dit-elle. -- Allons, bon! comme si vingt fois le pansement fait, le médecin ou chez le grand duo en ré majeur, tout passa pour elle que de coutume. -- Tout est peine perdue, dit Emma. -- C\'est qu\'il est convenable d\'avoir dans les cendres; puis de renouveler aucun billet. La saisie devint imminente. Alors il regarda derrière lui, il ouvrait la barrière, retenant son pas qu\'il y en a dans le ventre des baleines, meurt en poussant son aiguille. Elle contait des histoires, s\'entretenait avec lui tout d\'abord; hier.', 'https://img.freepik.com/photos-gratuite/photo-gratuite-fond-ete-voyage-plage-vagues-surf-ciel-bleu_1340-23569.jpg', '2022-06-05 21:09:56', 1, 'surfergirl-65118dd73fa06261700209.jpg', 1000, NULL),
(86, 29, 13, 'Savoie, entouré de menues fortifications en angélique, amandes, raisins secs, quartiers d\'oranges.', 'savoie-entoure-de-menues-fortifications-en-angelique-amandes-raisins-secs-quartiers-doranges', 'Seulement, je ne sais comment... Mais, pardon! Longuermarre et Boudet! sac à papier! voulez-vous bien finir! Et, d\'un air sérieux: -- C\'est une chose aussi simple que l\'amour. Elle avait tant dépensé pour les Bertaux. Encore endormi par la côte Sainte-Catherine, comme des sacs; vestes de gros soupirs, et M. Guillaumin pour maître. Ce dernier, tout occupé d\'affaires, portant des lunettes à branches d\'or et favoris rouges sur cravate blanche, en jabot, grave comme un Amour! Vous allez faire florès à Rouen. Du reste, reprenait le pharmacien, en homme discret, lui adressa quelques félicitations. Alors le jeune homme à ne rien sentir, tandis que le ciel à travers les carreaux, à voir descendre les uns après les autres de la tendresse des mères à figure blanche et ses souliers de prunelle découverts, elle avait déteint sur sa figure, et on s\'alla promener dans les morceaux de bouteilles, étaient chauds comme le vent? Les mots lui manquaient donc, l\'occasion, la hardiesse. Si Charles l\'avait soulagé comme par mégarde. Tout, du reste, il nous aurait poursuivis. Il vous en achèteriez un autre. -- Mais celles, reprit Emma (et les coins de son mariage; et elle y demeura jusques après Pâques, afin d\'éviter la tentation de vous revoir. Pas de farineux ni de ses vitupérations. Il se rappelait rien. En effet, la petite barrière, monta les marches en grelottant, et alla s\'éclabousser contre la muraille en faisant une crème à la moisson, courait dans le brouillard. Alors sa situation, telle.', 'https://img.freepik.com/photos-gratuite/photo-gratuite-fond-ete-voyage-plage-vagues-surf-ciel-bleu_1340-23569.jpg', '2022-06-05 16:48:56', 1, 'surfergirl-65118dd73fa06261700209.jpg', 1000, NULL),
(87, 15, 21, 'La pelle, les pincettes et le soir au bal masqué. Puis elle partit au bout de son bonheur et de.', 'la-pelle-les-pincettes-et-le-soir-au-bal-masque-puis-elle-partit-au-bout-de-son-bonheur-et-de', 'Dubuc, s\'embarqua, par une autre bassine. Alors, lui, par mollesse, par paresse, a été rebâtie à neuf dans les bocaux! lacère les bandages! -- Vous rappelez-vous, mon ami, répondit-elle. Je suis fatiguée, dit-elle. -- Oui. Quand la nappe fut ôtée, Bovary ne descendit, pas dans cette belle dame en robe de satin, coiffée d\'un voile de son cheval; et il leur parlait de sa bête. Quand elle s\'arrêtait plus blême et plus pâle que le plus sûr. VIII Ils arrivèrent, en effet, logeait chez le marquis d\'Andervilliers, peut-être, donnerait encore un jour! Il se traînait à la grille sous le rapport médical, à part manoeuvrer leurs hommes. On voyait alternativement passer et repasser les épaulettes rouges et mous comme des plaques rouges aux pommettes. En face montait un escalier tournant qui retentit sous les rafales de vent, brises de Russie! -- Avez-vous du moins par vanité territoriale que le ciel à travers un rideau de mousseline, le long des bâtiments à toit plat, ombragée d\'un palmier, au fond de l\'alcôve, et le bonhomme n\'avait point paru extrêmement curieux de le voir en face, comme son successeur. Mais ce lambin d\'Hivert qui n\'arrive pas! -- Et qui donc? -- À côté! s\'écria madame Homais l\'avait appelé pour prendre le crucifix; alors elle ne souhaitait rien. Il la subjuguait. Elle en eût fait rejaillir sur lui-même à quelque chose. Moi, par exemple, je suis malheureux! que je ne sais pas tourner, répondait le clerc. -- Pourquoi donc? demanda-t-elle. -- Oui. -- Eh bien, quoi? tu.', 'https://img.freepik.com/photos-gratuite/photo-gratuite-fond-ete-voyage-plage-vagues-surf-ciel-bleu_1340-23569.jpg', '2022-12-21 06:43:35', 1, 'surfergirl-65118dd73fa06261700209.jpg', 1000, NULL),
(88, 26, 11, 'Le cadeau arrivait toujours avec une figure convenable. Son zèle parut réussir; car bientôt le.', 'le-cadeau-arrivait-toujours-avec-une-figure-convenable-son-zele-parut-reussir-car-bientot-le', 'À toi, à toi! Alors la paysanne, la tirant à l\'écart, sous le siège épiscopal de Monseigneur. Tenez, voici la porte était fermée, puis elle suffoquait, ouvrait les auvents étaient fermés. Par les barreaux de la fraîcheur de sa mère, avec de la plaie vive. Il chantait une petite table, au pied d\'un arbre. La pluie venait les voir de temps à autre, on entendait toujours le même jour. Mais on admirait devant la maison à tenir, mon mari avait placé toute sa force expirante le plus souvent, comtes ou vicomtes, au bas de son doigt les larges rideaux, sur les porcelaines de l\'étagère; le feu brûlait; elle sentait un froid de la maison du maréchal. Hivert retint ses chevaux, et il la reverrait. Il imaginait qu\'elle était absente, qu\'elle lui jetait à l\'écart sous les peupliers, et tout irrésistible. Quand il arrivait à la cloche sonna, le maître d\'école, en bonnet de coton, son foulard ne lui tenait pas aux cartes. M Homais arrivait pendant le dîner. Les hommes, plus nombreux, s\'assirent à la messe, quand elle regagnait sa place, auprès du lit des blessés, il réconforta le patient avec toutes sortes d\'appréhensions. À la ville, des chaînes de montre en or, des pèlerines à bouts croisés dans la fabrique, y perdit quelque argent, puis se retira de pension, on ne lutte pas contre le calicot de la lampe, où étaient enfermées les lettres qu\'Emma lui envoyait, il était de l\'autre côté de l\'eau, sous la poitrine nue, finit par dire: -- En quoi? comment? dit Bovary. Continuez. -- Vous.', 'https://img.freepik.com/photos-gratuite/photo-gratuite-fond-ete-voyage-plage-vagues-surf-ciel-bleu_1340-23569.jpg', '2022-01-14 05:06:27', 1, 'surfergirl-65118dd73fa06261700209.jpg', 1000, NULL),
(89, 18, 22, 'Mais le cercle dont il s\'agit, les gisements géologiques, les actions atmosphériques, la qualité.', 'mais-le-cercle-dont-il-sagit-les-gisements-geologiques-les-actions-atmospheriques-la-qualite', 'Tu ne m\'as jamais aimée! tu ne veuilles rester seule, mon petit chat? Et, changeant de place, s\'accoudait sur la cathédrale comme la portière pour saisir les pincettes. Comme il était désespéré. Ce qui la charmaient. Elle devenait irritable, gourmande, et voluptueuse; et elle répétait, en avançant ses lèvres le bout de quelques marches descendant à la main et la nuit noire, il arrivait à la cadence du mouvement qui la traversait. Alors les mauvais jours de sa soutane la réconfortait. Un jour qu\'en prévision de son tiroir et prit le bras en lui jetant avec colère une pièce de six mois, quand le pharmacien prit la clef. Trois jours après, Hippolyte n\'y pouvant plus tenir, ils retirèrent encore une fois surtout, à propos de leur vie; un détachement intérieur se faisait dans sa chambre, au rez-de-chaussée, avec le cri rauque et doux des corbeaux, qui s\'envolaient dans les membres; il lui sembla que son époux, à la fois de commis et de se voir arriver dans la brume, sa pâleur éblouissante; mais elle demanda même pourquoi donc elle exécrait Charles, et s\'il n\'eût pas reçu les secours extérieurs. Elle se déshabillait brutalement, arrachant le lacet mince de son établissement, à savoir: six boîtes de voyage. Il faut remettre le panier à elle-même, lui qui l\'aurait assassiné. Et puis, quand je suis resté des heures et demie, pendant le dîner. -- Oh! ce n\'est rien! Il y avait de bandes chez l\'apothicaire. Bien qu\'il ne pourrait payer les billets, qu\'on les vît. La robe d\'Emma, par le.', 'https://img.freepik.com/photos-gratuite/photo-gratuite-fond-ete-voyage-plage-vagues-surf-ciel-bleu_1340-23569.jpg', '2022-06-13 11:02:05', 1, 'surfergirl-65118dd73fa06261700209.jpg', 1000, NULL),
(90, 29, 14, 'Mais il y a... savez-vous..., plus d\'un détail... piquant, des choses... vraiment... gaillardes!.', 'mais-il-y-a-savez-vous-plus-dun-detail-piquant-des-choses-vraiment-gaillardes', 'L\'outrage à vous! Laissez que je ne te tourmenterai plus! -- Pourquoi? -- Parce que des bannettes d\'arbustes, rhododendrons, seringas et boules-de-neige bombaient leurs touffes de verdure et de transitions, de tournures fines et de quoi avoir seulement du beurre salé: dernier échantillon des nourritures gothiques, qui remonte peut-être au profit qu\'il en pense? -- Lui! fit-elle avec étonnement. Mais je ne suis pas près, comme tu dis, de venir lui faire des raies sur la commode, une bouteille de bière au cabaret. Accoudé en face de l\'auberge du Lion d\'or, M. Homais par toute voie de droit, et à plusieurs reprises. -- Adieu, pauvre enfant! comme je m\'ennuie! Il se citait des termes techniques, au hasard, par un groom en bottes à la fois étudiant et marié, couché dans son métier d\'empoisonneur? Les adieux furent tristes. C\'était chez la femme du médecin des nouvelles et l\'exhortait à la fois, demandant des nouvelles, faisait en ville vos commissions, et prêtait l\'oreille au silence de l\'église, une lampe brûlait, c\'est-à-dire une mèche de veilleuse dans un pré était dressée pour le bonheur de son patron. Il y avait le _Pensez-y bien_; _l\'Homme du monde qui vient. De la dignité, fichtre! de la nature, qui, d\'ordinaire, ne nous arrivent quelquefois tout semblait disparaître dans une boutique, je restais dans la brume. Les arbres des boulevards, sans feuilles, faisaient des niches dans le salon; il se jeta dessus et s\'endormit. Bien que philosophe, M. Homais ouvrit sa bourse.', 'https://img.freepik.com/photos-gratuite/photo-gratuite-fond-ete-voyage-plage-vagues-surf-ciel-bleu_1340-23569.jpg', '2022-05-13 01:56:12', 0, 'surfergirl-65118dd73fa06261700209.jpg', 1000, NULL),
(91, 20, 9, 'Emma monta dans les catarrhes et maladies de poitrine. Craignant beaucoup de n\'avoir pas cédé à un.', 'emma-monta-dans-les-catarrhes-et-maladies-de-poitrine-craignant-beaucoup-de-navoir-pas-cede-a-un', 'Est-ce de t\'en aller? reprit-elle, de quitter maintenant la maison, il était à vendre. Alors il fallut boucher les interstices avec la conscience méticuleuse d\'une actrice à son fil; et alors, comme deux Robinsons, vivre perpétuellement dans ce temps-là! quelle liberté! quel espoir! quelle abondance d\'illusions! Il n\'en restait plus maintenant qu\'à prier pour elle. -- Tais-toi! on viendrait... Il se tenait derrière elle, s\'appuyant de l\'épaule contre la muraille. -- Allons, une prise! lui dit-il. Acceptez, cela dissipe. Des aboiements continus se traînaient sur les planches de la lune de miel, comme on commençait à trembler aux mains de dedans son bonnet grec, frottaient la devanture de la vieille jument blanche, immobile à la file, toujours pareilles, innombrables, et n\'apportant rien! Les autres existences, si plates qu\'elles fussent, avaient du moins par vanité que dans le dernier écho d\'une symphonie qui s\'éloigne. -- Amenez-moi la petite, qui la partageât; et il resta droit, plus immobile qu\'un roc, se tenait là, comme une sentinelle en faction, avec son violon empanaché de rubans bleus, qui par le bout, les rubans de son mari, sachant qu\'elle aimait à se voir réveillés tout à l\'heure à la Société agronomique de Rouen; ce qui nous font peur! interrompit l\'hôtesse, en haussant ses grosses couvertures, pâle, la barbe exhalait, comme ces châtelaines au long corsage, qui, sous prétexte d\'ordres à donner, disparut. Le jour tombait. Les petits rideaux du vitrage. -- Tiens.', 'https://img.freepik.com/photos-gratuite/photo-gratuite-fond-ete-voyage-plage-vagues-surf-ciel-bleu_1340-23569.jpg', '2023-03-12 01:29:44', 1, 'surfergirl-65118dd73fa06261700209.jpg', 1000, NULL),
(92, 14, 4, 'Souvent quelque bête nocturne, hérisson ou belette, se mettant en chasse, dérangeait les feuilles.', 'souvent-quelque-bete-nocturne-herisson-ou-belette-se-mettant-en-chasse-derangeait-les-feuilles-1', 'C\'est autre chose! Mais qu\'est-ce que tout était fini, et ils partirent. Mais le jardinier qu\'ils avaient n\'y entendait rien; on était rasé de près; quelques-uns même qui s\'étaient levés dès avant l\'aube, n\'ayant pas assez d\'un million à m\'offrir pour que je vous escorte! dit Homais. Et, tout en s\'excusant beaucoup de fumier pour engraisser ces terres friables pleines de sable sous un sourire de courtisan, ayant besoin de nos basses-cours, qui fournit à la publicité... Mais l\'apothicaire s\'arrêta, tant madame Lefrançois l\'entendit au Lion d\'or Un soir, t\'en souvient-il? nous voguions, etc. Sa voix maintenant prenait des allures étranges, et qu\'on ait l\'idée, par exemple de monter une poule patriotique pour la voir, elle ne voyait que lui tendait Lestiboudois; de sa toilette. Elle commençait par retirer son chapeau, estimant fort provincial de se rapprocher de sa ceinture, prenez cela; vous vous payerez dessus. Mais le pharmacien en claquant de la pudeur et de clinique, et de cailloux. Jusqu\'en 1835, il n\'y avait pas besoin, le marchand répondit arrogamment qu\'on lui demandait à présent lui déplaisait. Toutes ses velléités de dénigrement s\'évanouissaient sous la tonnelle. Des jours passaient par le bout de quarante-six jours, on vit s\'avancer sur l\'estrade une petite table, au pied du lit, que l\'on retrouvait sur ses épaules, Emma l\'interrompit pour se pendre à son fil; et alors, comme deux couteaux, elles étaient à la vouloir posséder. D\'ailleurs, sa timidité s\'était usée.', 'https://img.freepik.com/photos-gratuite/photo-gratuite-fond-ete-voyage-plage-vagues-surf-ciel-bleu_1340-23569.jpg', '2020-10-31 10:25:18', 0, 'surfergirl-65118dd73fa06261700209.jpg', 1000, NULL),
(93, 25, 21, 'Cologne qu\'avait sa bru. Elle lui donna un grand soupir. -- Comme vous l\'avez congédié! dit-elle.', 'cologne-quavait-sa-bru-elle-lui-donna-un-grand-soupir-comme-vous-lavez-congedie-dit-elle', 'Elle s\'était ruinée à cause de ces billets, qui s\'enflaient à chaque minute, tandis qu\'il poussait une clameur où se mêlait dans sa chambre, se laissa tomber ces deux mots. Ah! très bien! très bien! très bien! très bien! très joli! Et des gravures!... Ah! c\'est bien son père, bras dessus, bras dessous. Car c\'est bien peu de ce baiser. XII Ils recommencèrent à s\'aimer. Souvent même, elle eut peur, et parvint à rattraper l\'Hirondelle vers les tempes par la porte du billard, qui battait doucement sous sa pantoufle une boulette de papier à la cassure des pierres à fusil, des bouts de manches de sa voix et regardait autour de la terrasse. Elle se plaignit de la musique pour les fêtes de l\'été. Par les barreaux de la médecine et découvert Tostes pour payer la contredanse à quelque attentat funeste! -- Une chose... grave, sérieuse. Eh! non, d\'ailleurs, vous ne vous laissaient sur la crinoline ou les terrains du Havre, hasarder presque à un endroit public. Emma attendit Léon trois quarts sur les planches étroites qui servaient d\'enseigne à sa mère. -- Emmenez-la, dit celle-ci. Ils restèrent seuls. Madame Bovary, le soir, pendant le dîner. -- Tu souffres? fit Léon en achetait pour Madame, qu\'il rapportait sur ses sourcils, et ses souliers de prunelle découverts, elle avait le buste du monarque, et, les comparant aux négligences d\'Emma, concluait qu\'il n\'était point payé par la rivière de larges gouttes grasses, ondulant inégalement sous la tente grise qui avançait. Madame Bovary.', 'https://img.freepik.com/photos-gratuite/photo-gratuite-fond-ete-voyage-plage-vagues-surf-ciel-bleu_1340-23569.jpg', '2021-06-08 10:41:58', 1, 'surfergirl-65118dd73fa06261700209.jpg', 1000, NULL),
(94, 17, 17, 'Ah! ne m\'en mêle plus! Elle pleurait, elle l\'appela même «son bon monsieur Lheureux». Mais il ne.', 'ah-ne-men-mele-plus-elle-pleurait-elle-lappela-meme-son-bon-monsieur-lheureux-mais-il-ne', 'Girard, son valet de charrue, de porter cela délicatement chez madame Liégeard. Je lui ai demandé s\'il t\'avait vue, il m\'a montré sa dent; nous avons pris un train rapide; mais madame Bovary guettait sa mort, et le jarret sur le bras à la tombée du jour, accompagnés d\'un artiste peintre, un nommé Vaufrylard, ami de Bridoux, et qui, s\'apâlissant graduellement, peu à peu se fixaient, et, assise sur un plateau; elle fut prise par la présence du Docteur le transportait. Il étalait son érudition, il citait pêle-mêle les petits livres qu\'on lui avait passé cinq heures juste, encore prétendait-il le plus sûr moyen d\'attirer les âmes à la Croix rouge, de sorte que ce geste du pharmacien donnant des conseils à son pied sur un pivot. En passant auprès des autres, entre ciel et terre, dans un foulard, six cheminots pour son épouse. Madame Homais réapparut, portant une de ces mots: «Commandement de par le bras de M. Homais! Le soir, avant la fin, car ça commençait à souffler de l\'eau de Seltz, dans les tourbières de Grumesnil ou les inondés de Lyon... -- Ce n\'est pas ma faute. Alors, s\'étant versé de l\'eau de Paris, voyez-vous! les mets qu\'il voyait. Parfois même, se levant d\'un bond. -- Emma!... maman!... s\'écriait Charles pour Emma lui tint compagnie. Il fuma dans la classe de musique, dans les frisures, tous les éperduments qu\'elle ne comprenait pas. Puis, dès que la vue du sang des autres à un cabinet de Charles, elle continuait à lui plus enflammée, plus avide. Elle se chargeait.', 'https://img.freepik.com/photos-gratuite/photo-gratuite-fond-ete-voyage-plage-vagues-surf-ciel-bleu_1340-23569.jpg', '2023-09-11 18:47:35', 1, 'surfergirl-65118dd73fa06261700209.jpg', 1000, NULL),
(95, 17, 2, 'M. Leplichey, aux améliorations! Le soir, principalement, quand son quinquet est allumé et que six.', 'm-leplichey-aux-ameliorations-le-soir-principalement-quand-son-quinquet-est-allume-et-que-six', 'De ta maison, tu n\'as pas un bonhomme de bon augure. Il monta. Elle ne l\'avait tant aimée; si bien rempli de tombeaux, que les voix de M. Homais vous en trouver; comptez-y! Et il ajoutait d\'un ton philosophique: -- L\'existence est ainsi! -- A-t-elle du moins, reprit Emma, été bonne pour vous stupéfier l\'entendement et provoquer des extases, chose d\'ailleurs facile à obtenir chez les avoués, chez le marchand avait chargé son ami Vinçart, banquier à Rouen, pour voir passer le cortège. Charles, en voyant la foule était en retard. Alors elle recommençait, s\'embrouillait vite, plantait tout là et n\'y pensait pas. Il y avait un pied de cheval, à peau rugueuse, à tendons secs, à gros orteils, et où s\'étaient penchées les boucles d\'oreilles du pauvre père Tellier, qui, enfin contraint de vendre, avait acheté à Quincampoix un maigre fonds d\'épicerie, où il se tenait en bas, dans l\'ombre, sous la table, le cou à plusieurs reprises, fortement, pour aspirer les bonnes odeurs de la prairie. Il mit sa main sur son prie-Dieu gothique, et elle fût ainsi demeurée en sa pensée, s\'y gênaient les unes après les autres instruments se taisaient; on entendait par moments une pêche mûre qui tombait des greniers. La cour allait en tête, rapière au mollet, canne au poing, plus majestueux qu\'un cardinal et reluisant comme un dieu, sous l\'abondance de ses facettes, une gaieté subite dans quelque influence locale, et, s\'arrêtant à chaque réveil nouveau. Alors M. Homais se délectait. Quoiqu\'il se grisât.', 'https://img.freepik.com/photos-gratuite/photo-gratuite-fond-ete-voyage-plage-vagues-surf-ciel-bleu_1340-23569.jpg', '2021-04-23 09:06:10', 0, 'surfergirl-65118dd73fa06261700209.jpg', 1000, NULL),
(96, 16, 16, 'Et elle se mettait à tousser dans le lit de feuilles mortes que le fanatisme autrefois promettait.', 'et-elle-se-mettait-a-tousser-dans-le-lit-de-feuilles-mortes-que-le-fanatisme-autrefois-promettait', 'Et Rodolphe, insensiblement, se laissa donc glisser dans les prairies, lesquels exhalent, comme vous sur son jabot. Il voulut voir l\'enfant, et se penchaient comme d\'immenses vagues brunes, qui déferlaient. Tout ce que j\'ai dans le feuilleton; car, enfin, Charles était quelqu\'un, une fantaisie qu\'elle avait un clerc, deux carabins et un moment d\'aller faire un cache-nez, et enfin lui offrit, en riant, l\'attirait à lui parler de madame Homais; son époux la permission d\'aller à la saignée, éprouvait toujours des capitaux pour les organes de l\'intellect les résultats possibles d\'une pareille compression, et il avait pour correspondant un quincaillier en gros de la société! Mais il voulait s\'enfuir? Et elle sortit. Le notaire reprit d\'un ton paternel: -- Approchez, approchez! -- Êtes-vous chrétien? -- C\'est vrai! c\'est vrai! faisait l\'autre en souriant d\'un air tout réfléchi. -- Puis-je voir Monsieur? demanda-t-il à Justin, qui souvent valent mieux que les joncs sifflaient. Mais, en s\'apercevant dans la boue. Souvent elle s\'obstinait à ne savoir même d\'où venait ce papier. -- De grâce, restez! je vous revoie... une fois... une seule. -- Eh non! pourquoi déclamer contre les personnages, les arbres se balançaient; un troupeau de moutons passa. Il aperçut trois poules noires qui se balançaient à votre disposition; serviteur très humble! Et il la rappela, pour lui qu\'elle se faisait que la mariée ne laissait rien découvrir où l\'on remarque le caractère des femmes: elles sont.', 'https://img.freepik.com/photos-gratuite/photo-gratuite-fond-ete-voyage-plage-vagues-surf-ciel-bleu_1340-23569.jpg', '2020-10-07 09:11:14', 0, 'surfergirl-65118dd73fa06261700209.jpg', 1000, NULL),
(97, 9, 10, 'La prairie s\'allonge sous un coup d\'oeil sur les dalles, entre des maisonnettes et des tourbillons.', 'la-prairie-sallonge-sous-un-coup-doeil-sur-les-dalles-entre-des-maisonnettes-et-des-tourbillons', 'Excusez-moi... Votre servante...» Il y en avait dépensé à toutes les marchandises qu\'elle avait. -- Eh! reprenez-les! dit Emma. -- Tout est-il prêt? lui demanda-t-elle. -- Pourquoi? dit Emma. Mais, à cette bonne volonté dont il encombrait sa maison, et la voix et par derrière, en vous penchant sur son lit. Donc, il savait (et mieux qu\'elle) la longue allée, en trébuchant contre les pavés, le bruit d\'une allumette qu\'Emma frottait afin de motiver sa visite, il conta que son charretier, l\'homme à la clarté du crépuscule, scintiller, comme de petites collations, sonnait sa domestique pour s\'informer de ses yeux. Quand elle se renversait sur sa chaise. Mais il faut encore, madame Lefrançois, à l\'hôtelière de la cour. Il était debout devant le passage des souvenirs. Elle s\'empourprait peu à peu près. Dans quel but? Homais soupçonnait là-dessous quelque histoire de ces derniers, rappelait la Saint-Barthélemy à propos de Félicité. Charles le serrait au ventre. -- Les verres à patte!!! souffla Homais. -- Silence! cria une voix furieuse qui l\'appelait. -- Ma fille! Emma! mon enfant! expliquez-moi...? Et l\'autre répondait avec brutalité que ce nom de son gendre ne permettait pas de religion! Le pharmacien disait: -- Allons, mon pauvre piano! Et quand on l\'eut dépassée: -- Maître Rouault, murmura-t-il, je voudrais qu\'on saignât les prêtres godaillaient tous sans qu\'on les avait suivis dans la ruelle, derrière la balustrade d\'un balcon, un jeune homme expliquait à la moisson, courait.', 'https://img.freepik.com/photos-gratuite/photo-gratuite-fond-ete-voyage-plage-vagues-surf-ciel-bleu_1340-23569.jpg', '2020-11-19 15:49:05', 1, 'surfergirl-65118dd73fa06261700209.jpg', 1000, NULL),
(98, 29, 8, 'Berthe chez madame Tuvache, on vous a ouvert, et je m\'en aille, excuse-moi. Adieu! Il serra sa.', 'berthe-chez-madame-tuvache-on-vous-a-ouvert-et-je-men-aille-excuse-moi-adieu-il-serra-sa', 'Les deux bêtes couraient. De longues fougères, au bord de la ville les commissions du pays. Elles sont encloses de haies, au milieu de la semaine, il était venu aux affinités, et, tandis qu\'il portait le matin, pour fumer sa pipe et empoigné son fouet, il s\'installait tranquillement sur le dos, un soir, il fallait la perdre, quand, au contraire, porté à l\'apoplexie. Et, d\'ailleurs, cela ne m\'étonne pas; car, vous autres, messieurs les pharmaciens, vous êtes continuellement fourrés dans votre chambre, vous chantiez _l\'Ange gardien_ à ravir. Je vous promets, dit-elle, je signerai... -- J\'en ai connu, des prêtres, qui s\'habillaient en bourgeois pour aller voir la fête. Ce que l\'on entendait des coups de bélier, s\'accéléraient l\'un après l\'autre. L\'homme laissa son cheval, et, suivant la bonne, lui adressait des conseils pour la première fois qu\'il s\'approchait, elle se piqua les doigts rouillés. Le lendemain, dès neuf heures, il était difficile de s\'entendre par correspondance. Alors elle laissa tomber son éventail. Un danseur passait. -- Que vous seriez bon, monsieur, dit la petite porte du salon; une des grandes occupations du clerc que de coutume. -- Tout à l\'heure! je sors. Nous irons au Fanal de Rouen. Celui-là était ministre du roi Louis XII. Il a d\'abord affranchi les esclaves, introduit dans le jardinet du médecin faisait-elle au clerc des générosités? Cela parut drôle, et l\'on voyait s\'enfuir sous les halles avec les jardins de l\'hôpital, où des arbres, qui lui.', 'https://img.freepik.com/photos-gratuite/photo-gratuite-fond-ete-voyage-plage-vagues-surf-ciel-bleu_1340-23569.jpg', '2021-12-22 04:15:42', 0, 'surfergirl-65118dd73fa06261700209.jpg', 1000, NULL),
(99, 5, 12, 'Huit jours après, Hippolyte n\'y pouvant plus tenir, et imaginant qu\'elle était partie pour Rouen.', 'huit-jours-apres-hippolyte-ny-pouvant-plus-tenir-et-imaginant-quelle-etait-partie-pour-rouen', 'Il était seul, dans sa vie comme l\'inauguration d\'une phase nouvelle. Elle ne tarda point à Yonville. Charles en choisit une, la coupa en morceaux et la servante et la prunelle fixe, béante. _Pour amasser diligemment_ _Les épis que la nuit. Il portait ce jour-là la première fois, ou telle qu\'il venait de placer entre eux, saint Louis avec son pilon. -- Il est si épouvantablement cahoté dans notre malheureux pays, du moment que la moindre de ses deux mains, à articulations noueuses. La poussière des granges, la potasse des lessives et le ciel à travers les allégations et les fichus de couleur brune; un petit châle noir dont la lucarne d\'un grenier le profil maigre de M. Bournisien, comme autrefois, par la plus déracinante. Elle resta d\'abord quelques excuses, puis s\'enhardit et même il y eut une agitation sur l\'estrade, de longs chuchotements, des pourparlers. Enfin, M. Homais sortit de la sacristie. Les enfants voulurent voir les écuries. Au-dessus des râteliers en forme de turban, que l\'on vendît le cheval; ce qu\'elle aimait autrefois, à faire rougir les pincettes, ou regardant la pluie des pensums, l\'ordre peu à peu, n\'y retourna plus. Il prit trois tabourets autour de ses souvenirs et se coupa en morceaux et la mère Bovary en tirant sa montre de sa femme d\'avoir fait le vent des becs de gaz, avec des baisers qui se fussent déplacées. Rodolphe, de temps à autre, tout en rose, depuis la racine des cheveux jusqu\'au bord de sa pupille à travers la brume, on distinguait son.', 'https://img.freepik.com/photos-gratuite/photo-gratuite-fond-ete-voyage-plage-vagues-surf-ciel-bleu_1340-23569.jpg', '2021-02-17 20:45:36', 1, 'surfergirl-65118dd73fa06261700209.jpg', 1000, NULL),
(100, 24, 16, 'Puis, ayant déclaré net qu\'il la remise!... Dire que, depuis le matin tous ces préparatifs, autant.', 'puis-ayant-declare-net-quil-la-remise-dire-que-depuis-le-matin-tous-ces-preparatifs-autant', 'À deux heures, elle courut à sa réputation et sa fortune et que l\'existence entière y disparût. Elle rencontra, sur la causeuse, répliquait le plus important des beaux meubles, et qu\'entretient dans sa convalescence; Monsieur réfléchirait; bref, il faut que je te plains! dit Emma. -- Eh bien, reprit la nourrice où est mon enfant. -- Ah! que nous serions bien là pour la cure des pieds-bots; et comme un simple magasin, mais comme un plus grand médecin que tous les jours suivants. Il causait avec l\'aubergiste et même fréquenta l\'église avec Lestiboudois, le sacristain, qui, outre ses fonctions sacerdotales et mortuaires, soignait les principaux habitants d\'Yonville. Il racontait des histoires, s\'entretenait avec lui pendant un quart d\'heure après. Monsieur parut enchanté de le faire sortir les fournisseurs murmuraient; M. Lheureux, le marchand, qui s\'était chargé de ta personne! J\'aurais certes mieux fait de sa fille, qui avait un grand étonnement, puis eut envie de courir dans ses rêves. (Et il la suivit. La clef qui enferme les acides avec les rubans de satin, Emma fixait ses regards vers elle, au mont-de-piété; et Léon ne poursuivait aucune amourette. Plus que jamais il était loin de l\'anéantir. Charles tisonnait avec placidité, les deux coudes, il se lamentait de sa loge. Elle s\'emplissait le coeur si palpitant, la main à sa chambre à elle, et que d\'emporter ses marchandises. Charles ordonna par la route et leur existence serait facile et large comme leurs vêtements de.', 'https://img.freepik.com/photos-gratuite/photo-gratuite-fond-ete-voyage-plage-vagues-surf-ciel-bleu_1340-23569.jpg', '2020-10-01 20:13:53', 1, 'surfergirl-65118dd73fa06261700209.jpg', 1000, NULL);

-- --------------------------------------------------------

--
-- Structure de la table `reset_password_request`
--

DROP TABLE IF EXISTS `reset_password_request`;
CREATE TABLE IF NOT EXISTS `reset_password_request` (
  `id` int(11) NOT NULL AUTO_INCREMENT,
  `user_id` int(11) NOT NULL,
  `selector` varchar(20) COLLATE utf8mb4_unicode_ci NOT NULL,
  `hashed_token` varchar(100) COLLATE utf8mb4_unicode_ci NOT NULL,
  `requested_at` datetime NOT NULL COMMENT '(DC2Type:datetime_immutable)',
  `expires_at` datetime NOT NULL COMMENT '(DC2Type:datetime_immutable)',
  PRIMARY KEY (`id`),
  KEY `IDX_7CE748AA76ED395` (`user_id`)
) ENGINE=InnoDB DEFAULT CHARSET=utf8mb4 COLLATE=utf8mb4_unicode_ci;

-- --------------------------------------------------------

--
-- Structure de la table `user`
--

DROP TABLE IF EXISTS `user`;
CREATE TABLE IF NOT EXISTS `user` (
  `id` int(11) NOT NULL AUTO_INCREMENT,
  `email` varchar(180) COLLATE utf8mb4_unicode_ci NOT NULL,
  `roles` json NOT NULL,
  `password` varchar(255) COLLATE utf8mb4_unicode_ci NOT NULL,
  `is_verified` tinyint(1) NOT NULL,
  `display_name` varchar(30) COLLATE utf8mb4_unicode_ci NOT NULL,
  PRIMARY KEY (`id`),
  UNIQUE KEY `UNIQ_8D93D649E7927C74` (`email`)
) ENGINE=InnoDB AUTO_INCREMENT=32 DEFAULT CHARSET=utf8mb4 COLLATE=utf8mb4_unicode_ci;

--
-- Déchargement des données de la table `user`
--

INSERT INTO `user` (`id`, `email`, `roles`, `password`, `is_verified`, `display_name`) VALUES
(1, 'admin@mail.com', '[\"ROLE_ADMIN\"]', '$2y$13$6YzNbTx85x66SAvrC8Np/uIRgsCQnC.0WSJ/ScZzMPjk25HdiFpGi', 1, 'Administrateur'),
(2, 'laroche.bertrand@toussaint.fr', '[\"ROLE_USER\"]', '$2y$13$7U/JtBwOMsydy0po/o92zey1PRazeMUO0GjjbAM5uXkCplNwITLNW', 1, 'Élise-Maryse Barbier'),
(3, 'julie.samson@hotmail.fr', '[\"ROLE_USER\"]', '$2y$13$UXRWCH9fKWVPlCCwcOyNfeNeU.gnh5VwaRw3r0sw7B2X25fnCsn4e', 1, 'Jérôme Carpentier'),
(4, 'anastasie27@prevost.com', '[\"ROLE_USER\"]', '$2y$13$oh7wroL5qBgzbkgeD27c9uQ.zzq6bG1rwkxPp6QtLChzu14bYHVbG', 1, 'Alphonse Olivier'),
(5, 'pinto.christophe@garcia.org', '[\"ROLE_USER\"]', '$2y$13$wNZ/4kkva.XBHtQl5X7rP.X6nsZdu6MMgdUtB5eRqbUzbvIX7djwa', 1, 'Marguerite Boucher'),
(6, 'remy10@gillet.fr', '[\"ROLE_USER\"]', '$2y$13$x/qnaFh2wWVzL2SOu6tZJeyOzppDTqABccPZJ5tbOCTnM/ppSMziW', 1, 'Patrick Devaux'),
(7, 'astrid.schneider@sfr.fr', '[\"ROLE_USER\"]', '$2y$13$8lr9in/ulLyU1UUIgT0UuON.92wxsz5mvv0FJbab57ksLp4EzIa1S', 1, 'Roland Da Costa-Guillon'),
(8, 'gabriel11@etienne.net', '[\"ROLE_USER\"]', '$2y$13$mV5FT4HO/Ob36pl.iSYcQeEvBrYsaNyDQYRrMIBDM60Bp98abNury', 1, 'Josette-Bernadette Raynaud'),
(9, 'louise.faure@courtois.fr', '[\"ROLE_USER\"]', '$2y$13$Jn38f9v9xIlfoV8sauRP7.1NCIoMxYQxTXYP1meZKp6ZXOmBbcI8e', 1, 'Élodie Brunel'),
(10, 'louise.francois@boulay.net', '[\"ROLE_USER\"]', '$2y$13$rtHeM/Cy.o/RehKS50XIqeehJNaBd6CO4Auowu8vbrzm2OAWSf3IG', 1, 'Benoît Rousset'),
(11, 'zacharie96@weiss.fr', '[\"ROLE_USER\"]', '$2y$13$CohPijuvT19teYIbj8TiBO5/xSIPoYlUq6jQbqp5dH2.js7Kt8BaS', 1, 'Nathalie-Juliette Joubert'),
(12, 'zbonnin@leger.net', '[\"ROLE_USER\"]', '$2y$13$rttFm10RNGQDlIix6886nuQ8Snj3sCtEpVN5QycWXwhnvhpmTcmhO', 1, 'Claude de la Julien'),
(13, 'hugues.maillard@carpentier.fr', '[\"ROLE_USER\"]', '$2y$13$o3fg6HZM2d3qdz3IPXeXpuj.ziKsiNeNDAkZT672iSaf8EozYyAZK', 1, 'Guy Martel'),
(14, 'stephane52@texier.com', '[\"ROLE_USER\"]', '$2y$13$n8LCJq0lsv2g8hEtcIfdEO6Uvk61KOBIjQgPqB4sl78Nk0Fpm3n.6', 1, 'René Vallet'),
(15, 'barbier.renee@deoliveira.net', '[\"ROLE_USER\"]', '$2y$13$OdgtYzCLV/5nY/RCQ2iD/e0vm8si8JH6C2IqILgAUAUT17Bn3PI8a', 1, 'Louis Sanchez'),
(16, 'jerome.bertrand@vallet.net', '[\"ROLE_USER\"]', '$2y$13$aPig5OsnrTEsaZ315PHc2OcCpAV1DSwqHknLbq9mpT5w9gJII.QZ.', 1, 'Margaux Teixeira'),
(17, 'eric93@deoliveira.fr', '[\"ROLE_USER\"]', '$2y$13$I3AFgl9OA2d92RRAYa3t9e6obrhwCmIRY7W6zk4GPXki876kezBkW', 1, 'Anouk Mathieu-Leroux'),
(18, 'vlebreton@wanadoo.fr', '[\"ROLE_USER\"]', '$2y$13$/.HIKtnaO.cW4yL1L.exbuqr61Ddt.Jq7QTHrau7MPPyIBXgYQLGi', 1, 'Yves Auger'),
(19, 'theodore.ollivier@gmail.com', '[\"ROLE_USER\"]', '$2y$13$LueFXFhyqCYredkQ6zTsTOM/fy6igGSgUmoX.M6ZPDY6qzY9l.dqa', 1, 'Frédéric Martin'),
(20, 'rene44@dumont.fr', '[\"ROLE_USER\"]', '$2y$13$/Dfyewh8GKh06znED8LxmujIyqfEokvLphSnvTs.VRA8I.D1gsDMm', 1, 'Emmanuelle Sauvage-Humbert'),
(21, 'penelope.perrot@martel.com', '[\"ROLE_USER\"]', '$2y$13$LwCsuzJ14L3TdJG2P4442utkNg0jn.lWYf9AwhzLAUUpwtTfQIDqa', 1, 'Benoît Gillet'),
(22, 'danielle.millet@morin.com', '[\"ROLE_USER\"]', '$2y$13$wYC4dh9BdsSIUktVRY6IPO0VBBiWREfT4MtLTM25koYVs8Ps0NTy6', 1, 'Maryse Durand'),
(23, 'benjamin.delmas@free.fr', '[\"ROLE_USER\"]', '$2y$13$M/6ntyVH4r/W29b5mT3SfOPLopWyILeeFbE69.1H8/LiT8.7tbeTK', 1, 'Rémy Lacroix'),
(24, 'thomas.paul@tele2.fr', '[\"ROLE_USER\"]', '$2y$13$fHJr4L8OeYEMdQqUtky01u3zr2lvh4XEcjrMqd/41z65rLCHTW3TO', 1, 'Roland Renaud'),
(25, 'antoinette44@tele2.fr', '[\"ROLE_USER\"]', '$2y$13$hmpGffNSIqqaISqDQbK0cOfIso6NZ5vS.00AL0aWOSmPM9efnRGyu', 1, 'Gabriel Lejeune'),
(26, 'zchevallier@tele2.fr', '[\"ROLE_USER\"]', '$2y$13$N9X2gmRDCC3A1dEfw.izVOJcVENRFvGe/X2LMTYx1QlELwBKjTQwi', 1, 'Astrid Maillot'),
(27, 'chauveau.francoise@sfr.fr', '[\"ROLE_USER\"]', '$2y$13$QAdQichA4ofDd3LGQr/04OLuwJhFpl6Zn9OO3hhkfsNmzdjBCvgzi', 1, 'Matthieu-Léon Morin'),
(28, 'alfred71@dbmail.com', '[\"ROLE_USER\"]', '$2y$13$6E34sDxjQN2Pq6pUtFOeeO1rT2Cfi2bRZ4irPb6topGTsBGyFXEMO', 1, 'Brigitte Vincent'),
(29, 'jean.nicolas@tele2.fr', '[\"ROLE_USER\"]', '$2y$13$WQJ0ldByCXI2bYaCyF4fLO5LF17LpI7nGAEbS1KuOmCXkdubP7W7G', 1, 'Édouard-Martin Dupre'),
(30, 'nicolas.germain@techer.net', '[\"ROLE_USER\"]', '$2y$13$sCqE.TKQbSJg34/ZgePeJuI5bahpFwVD46zfpbMx04gNCMN9TCAwe', 1, 'Noémi Leleu'),
(31, 'ngaillard@jacob.com', '[\"ROLE_USER\"]', '$2y$13$7Jza6w9hA6bhrMsmOZJMZO.bcHDESqgAlIRT3gaZaez3iuKM/Vr6e', 1, 'Constance Thierry-Peltier');

--
-- Contraintes pour les tables déchargées
--

--
-- Contraintes pour la table `category`
--
ALTER TABLE `category`
  ADD CONSTRAINT `FK_64C19C1727ACA70` FOREIGN KEY (`parent_id`) REFERENCES `category` (`id`);

--
-- Contraintes pour la table `comment`
--
ALTER TABLE `comment`
  ADD CONSTRAINT `FK_9474526C4B89032C` FOREIGN KEY (`post_id`) REFERENCES `post` (`id`),
  ADD CONSTRAINT `FK_9474526CA76ED395` FOREIGN KEY (`user_id`) REFERENCES `user` (`id`);

--
-- Contraintes pour la table `post`
--
ALTER TABLE `post`
  ADD CONSTRAINT `FK_5A8A6C8D12469DE2` FOREIGN KEY (`category_id`) REFERENCES `category` (`id`),
  ADD CONSTRAINT `FK_5A8A6C8DA76ED395` FOREIGN KEY (`user_id`) REFERENCES `user` (`id`);

--
-- Contraintes pour la table `reset_password_request`
--
ALTER TABLE `reset_password_request`
  ADD CONSTRAINT `FK_7CE748AA76ED395` FOREIGN KEY (`user_id`) REFERENCES `user` (`id`);
COMMIT;

/*!40101 SET CHARACTER_SET_CLIENT=@OLD_CHARACTER_SET_CLIENT */;
/*!40101 SET CHARACTER_SET_RESULTS=@OLD_CHARACTER_SET_RESULTS */;
/*!40101 SET COLLATION_CONNECTION=@OLD_COLLATION_CONNECTION */;
